cellID-self,Field of View,Cell ID,cellID-self,X,Y,Region,louvain
FOV0-1,0,1,FOV0-1,1305.7,414.98,Cortex,13
FOV0-2,0,2,FOV0-2,669.51,457.53,Cortex,3
FOV0-3,0,3,FOV0-3,1185.9,507.11,Cortex,3
FOV0-4,0,4,FOV0-4,710.24,533.06,Cortex,7
FOV0-5,0,5,FOV0-5,763.87,569.15,Cortex,6
FOV0-6,0,6,FOV0-6,1142.4,742.97,Cortex,7
FOV0-7,0,7,FOV0-7,957.71,755.66,Cortex,3
FOV0-8,0,8,FOV0-8,1725.4,764.51,Cortex,7
FOV0-9,0,9,FOV0-9,806.56,828.27,Cortex,3
FOV0-10,0,10,FOV0-10,1800.1,854.41,Cortex,3
FOV0-11,0,11,FOV0-11,1886,844.88,Cortex,3
FOV0-12,0,12,FOV0-12,950.97,863.93,Cortex,3
FOV0-13,0,13,FOV0-13,593.51,884.54,Cortex,20
FOV0-14,0,14,FOV0-14,1596.5,918.18,Cortex,3
FOV0-15,0,15,FOV0-15,1021.4,931.14,Cortex,3
FOV0-16,0,16,FOV0-16,1696,944.12,Cortex,7
FOV0-17,0,17,FOV0-17,391.16,972.08,Cortex,19
FOV0-18,0,18,FOV0-18,597.81,1001.1,Cortex,3
FOV0-19,0,19,FOV0-19,1865.2,1009.6,Cortex,20
FOV0-20,0,20,FOV0-20,469.54,1022.3,Cortex,9
FOV0-21,0,21,FOV0-21,1636.6,1029.2,Cortex,3
FOV0-22,0,22,FOV0-22,344.12,1041,Cortex,7
FOV0-23,0,23,FOV0-23,1293.3,1054.1,Cortex,2
FOV0-24,0,24,FOV0-24,1378.9,1066.2,Cortex,7
FOV0-25,0,25,FOV0-25,1594.2,1108.4,Cortex,6
FOV0-26,0,26,FOV0-26,822.23,1124.2,Cortex,7
FOV0-27,0,27,FOV0-27,560.36,1123.7,Cortex,6
FOV0-28,0,28,FOV0-28,742.3,1134.5,Cortex,6
FOV0-29,0,29,FOV0-29,1751.6,1133.9,Cortex,3
FOV0-30,0,30,FOV0-30,668.36,1165,Cortex,6
FOV0-31,0,31,FOV0-31,241.57,1236.5,Cortex,3
FOV0-32,0,32,FOV0-32,624.11,1246.1,Cortex,3
FOV0-33,0,33,FOV0-33,103.12,1244.6,Cortex,3
FOV0-34,0,34,FOV0-34,449.39,1248.8,Cortex,3
FOV0-35,0,35,FOV0-35,1342.6,1294.3,Cortex,2
FOV0-36,0,36,FOV0-36,407.86,1342.5,Cortex,23
FOV0-37,0,37,FOV0-37,894.7,1428.8,Cortex,10
FOV0-38,0,38,FOV0-38,1272.8,1436.4,Cortex,2
FOV0-39,0,39,FOV0-39,1363.8,1434.1,Cortex,20
FOV0-40,0,40,FOV0-40,421.27,1481.6,Cortex,10
FOV0-41,0,41,FOV0-41,271.42,1493.4,Cortex,3
FOV0-42,0,42,FOV0-42,1069,1515.1,Cortex,10
FOV0-43,0,43,FOV0-43,426.59,1586.4,Cortex,10
FOV0-44,0,44,FOV0-44,669.71,1629.6,Cortex,2
FOV0-45,0,45,FOV0-45,782.61,1687.7,Cortex,10
FOV0-46,0,46,FOV0-46,228.25,1698.9,Cortex,20
FOV0-47,0,47,FOV0-47,442.86,1692.8,Cortex,7
FOV0-48,0,48,FOV0-48,973.21,1705.6,Cortex,10
FOV0-49,0,49,FOV0-49,1201.2,1726,Cortex,7
FOV0-50,0,50,FOV0-50,854.77,1725.6,Cortex,20
FOV0-51,0,51,FOV0-51,855.84,122.03,Cortex,10
FOV0-52,0,52,FOV0-52,469.57,208.95,Cortex,3
FOV0-53,0,53,FOV0-53,1090.2,215.81,Cortex,7
FOV0-54,0,54,FOV0-54,267.56,245.42,Cortex,25
FOV0-55,0,55,FOV0-55,981.25,261.05,Cortex,3
FOV0-56,0,56,FOV0-56,390.59,277.05,Cortex,13
FOV0-57,0,57,FOV0-57,1117,312.56,Cortex,3
FOV0-58,0,58,FOV0-58,520.51,359.75,Cortex,3
FOV0-59,0,59,FOV0-59,980.24,382.43,Cortex,3
FOV0-60,0,60,FOV0-60,799.96,389.1,Cortex,7
FOV0-61,0,61,FOV0-61,527.31,538.48,Cortex,3
FOV0-62,0,62,FOV0-62,621.1,564.33,Cortex,7
FOV0-63,0,63,FOV0-63,571.13,677.51,Cortex,3
FOV0-64,0,64,FOV0-64,1458,207.93,Cortex,3
FOV0-65,0,65,FOV0-65,1738.7,244.68,Cortex,13
FOV0-66,0,66,FOV0-66,1561.7,242,Cortex,20
FOV0-67,0,67,FOV0-67,1319.2,234.32,Cortex,13
FOV0-68,0,68,FOV0-68,1875.4,249.56,Cortex,6
FOV0-69,0,69,FOV0-69,1428.9,334.44,Cortex,3
FOV0-70,0,70,FOV0-70,152.2,367.61,Cortex,6
FOV0-71,0,71,FOV0-71,334.16,397.61,Cortex,6
FOV0-72,0,72,FOV0-72,1623.4,414.97,Cortex,13
FOV0-73,0,73,FOV0-73,228.45,471.04,Cortex,9
FOV0-74,0,74,FOV0-74,1829.6,471.16,Cortex,3
FOV0-75,0,75,FOV0-75,1741.8,490.58,Cortex,6
FOV0-76,0,76,FOV0-76,1418.1,480.91,Cortex,6
FOV0-77,0,77,FOV0-77,363.87,495.87,Cortex,6
FOV0-78,0,78,FOV0-78,291.89,554.35,Cortex,20
FOV0-79,0,79,FOV0-79,1745,572.24,Cortex,3
FOV0-80,0,80,FOV0-80,1617.6,580.99,Cortex,3
FOV0-81,0,81,FOV0-81,1238,597.74,Cortex,6
FOV0-82,0,82,FOV0-82,1875.9,589.25,Cortex,6
FOV0-83,0,83,FOV0-83,402.8,589.35,Cortex,6
FOV0-84,0,84,FOV0-84,238.72,602.18,Cortex,6
FOV0-85,0,85,FOV0-85,1298.3,606.25,Cortex,3
FOV0-86,0,86,FOV0-86,1401,619.94,Cortex,7
FOV0-87,0,87,FOV0-87,312.93,632.17,Cortex,2
FOV0-88,0,88,FOV0-88,448.36,646.88,Cortex,9
FOV0-89,0,89,FOV0-89,699.92,689.47,Cortex,3
FOV0-90,0,90,FOV0-90,1923.8,695.5,Cortex,3
FOV0-91,0,91,FOV0-91,370.94,707.28,Cortex,3
FOV0-92,0,92,FOV0-92,781.88,748.95,Cortex,6
FOV0-93,0,93,FOV0-93,191.29,802.62,Cortex,6
FOV0-94,0,94,FOV0-94,1960,814.15,Cortex,7
FOV0-95,0,95,FOV0-95,739.38,818.87,Cortex,9
FOV0-96,0,96,FOV0-96,374.81,836.35,Cortex,3
FOV0-97,0,97,FOV0-97,1502.4,839,Cortex,3
FOV0-98,0,98,FOV0-98,266,875.11,Cortex,3
FOV0-99,0,99,FOV0-99,1357.2,890.97,Cortex,3
FOV0-100,0,100,FOV0-100,446.9,904.75,Cortex,10
FOV0-101,0,101,FOV0-101,1308.9,937.98,Cortex,3
FOV0-102,0,102,FOV0-102,745.68,922.15,Cortex,3
FOV0-103,0,103,FOV0-103,1460.8,940.49,Cortex,3
FOV0-104,0,104,FOV0-104,799.79,982.66,Cortex,3
FOV0-105,0,105,FOV0-105,996.9,1054.7,Cortex,25
FOV0-106,0,106,FOV0-106,886.81,1056.5,Cortex,25
FOV0-107,0,107,FOV0-107,1198.5,1077.4,Cortex,7
FOV0-108,0,108,FOV0-108,113.16,1090.7,Cortex,13
FOV0-109,0,109,FOV0-109,280.75,1107.6,Cortex,3
FOV0-110,0,110,FOV0-110,1444,1139.5,Cortex,7
FOV0-111,0,111,FOV0-111,234.96,1152.6,Cortex,6
FOV0-112,0,112,FOV0-112,404.65,1155.9,Cortex,3
FOV0-113,0,113,FOV0-113,1127,1172.7,Cortex,3
FOV0-114,0,114,FOV0-114,921.13,1260.5,Cortex,7
FOV0-115,0,115,FOV0-115,796.06,1271.3,Cortex,3
FOV0-116,0,116,FOV0-116,1336,1556.2,Cortex,2
FOV0-117,0,117,FOV0-117,1794.6,1625.1,Cortex,2
FOV0-118,0,118,FOV0-118,1383.3,1777,Cortex,10
FOV1-1,1,1,FOV1-1,1378.7,1786.5,Cortex,3
FOV1-2,1,2,FOV1-2,1547.5,1805,Cortex,18
FOV1-3,1,3,FOV1-3,1634,1890.9,Cortex,6
FOV1-4,1,4,FOV1-4,681.3,453.14,Cortex,9
FOV1-5,1,5,FOV1-5,773.77,559.19,Cortex,9
FOV1-6,1,6,FOV1-6,861.26,580.49,Cortex,25
FOV1-7,1,7,FOV1-7,682.46,625.45,Cortex,19
FOV1-8,1,8,FOV1-8,495.56,678.78,Cortex,2
FOV1-9,1,9,FOV1-9,594.86,688.87,Cortex,9
FOV1-10,1,10,FOV1-10,837.63,711.08,Cortex,13
FOV1-11,1,11,FOV1-11,667.59,797.63,Cortex,9
FOV1-12,1,12,FOV1-12,575.64,836.86,Cortex,6
FOV1-13,1,13,FOV1-13,830.55,838.28,Cortex,19
FOV1-14,1,14,FOV1-14,822.66,928.82,Cortex,9
FOV1-15,1,15,FOV1-15,926.19,982.7,Cortex,9
FOV1-16,1,16,FOV1-16,1601.6,140.15,Cortex,9
FOV1-17,1,17,FOV1-17,1354.5,178.6,Cortex,13
FOV1-18,1,18,FOV1-18,1800.3,206.95,Cortex,13
FOV1-19,1,19,FOV1-19,1675.2,209.95,Cortex,10
FOV1-20,1,20,FOV1-20,1597.6,278.13,Cortex,9
FOV1-21,1,21,FOV1-21,911.59,281.52,Cortex,13
FOV1-22,1,22,FOV1-22,1512.5,313.9,Cortex,9
FOV1-23,1,23,FOV1-23,1083.2,412.02,Cortex,19
FOV1-24,1,24,FOV1-24,1606.3,415.85,Cortex,13
FOV1-25,1,25,FOV1-25,1456.6,472.5,Cortex,6
FOV1-26,1,26,FOV1-26,1464.7,538.64,Cortex,6
FOV1-27,1,27,FOV1-27,1080.9,561.08,Cortex,9
FOV1-28,1,28,FOV1-28,1255.1,546.74,Cortex,25
FOV1-29,1,29,FOV1-29,1814.4,557.17,Cortex,23
FOV1-30,1,30,FOV1-30,1320.5,575.85,Cortex,3
FOV1-31,1,31,FOV1-31,376.66,602.42,Cortex,19
FOV1-32,1,32,FOV1-32,301.91,647.45,Cortex,6
FOV1-33,1,33,FOV1-33,1376.3,647.65,Cortex,7
FOV1-34,1,34,FOV1-34,1224.7,662.74,Cortex,9
FOV1-35,1,35,FOV1-35,407.08,690.47,Cortex,9
FOV1-36,1,36,FOV1-36,1439.6,704.34,Cortex,9
FOV1-37,1,37,FOV1-37,1660.6,795.69,Cortex,2
FOV1-38,1,38,FOV1-38,1213.6,804.34,Cortex,2
FOV1-39,1,39,FOV1-39,1581.2,832.92,Cortex,6
FOV1-40,1,40,FOV1-40,1496.8,836.92,Cortex,3
FOV1-41,1,41,FOV1-41,375.37,848.23,Cortex,9
FOV1-42,1,42,FOV1-42,451.05,845.44,Cortex,10
FOV1-43,1,43,FOV1-43,508.2,854.1,Cortex,3
FOV1-44,1,44,FOV1-44,1402.5,865.38,Cortex,3
FOV1-45,1,45,FOV1-45,1159.9,894.7,Cortex,6
FOV1-46,1,46,FOV1-46,1495.1,955.24,Cortex,9
FOV1-47,1,47,FOV1-47,366.94,972.24,Cortex,9
FOV1-48,1,48,FOV1-48,1388.5,972.1,Cortex,9
FOV1-49,1,49,FOV1-49,513.53,979.4,Cortex,20
FOV1-50,1,50,FOV1-50,1039.8,991.14,Cortex,2
FOV1-51,1,51,FOV1-51,289.92,1001.6,Cortex,19
FOV1-52,1,52,FOV1-52,1555.4,1015.5,Cortex,6
FOV1-53,1,53,FOV1-53,397.93,1044.7,Cortex,10
FOV1-54,1,54,FOV1-54,1816.8,1062.3,Cortex,9
FOV1-55,1,55,FOV1-55,1311.8,1064.3,Cortex,3
FOV1-56,1,56,FOV1-56,1223.2,1068.7,Cortex,6
FOV1-57,1,57,FOV1-57,1954.9,1080.9,Cortex,3
FOV1-58,1,58,FOV1-58,1410.2,1077.8,Cortex,6
FOV1-59,1,59,FOV1-59,1675.7,1086.2,Cortex,7
FOV1-60,1,60,FOV1-60,1002.1,1094.2,Cortex,2
FOV1-61,1,61,FOV1-61,1103.8,1102.7,Cortex,6
FOV1-62,1,62,FOV1-62,247.23,1111.9,Cortex,9
FOV1-63,1,63,FOV1-63,1534.7,1118.8,Cortex,9
FOV1-64,1,64,FOV1-64,493.17,1132.6,Cortex,19
FOV1-65,1,65,FOV1-65,176.2,1138.3,Cortex,9
FOV1-66,1,66,FOV1-66,1197.8,1158.6,Cortex,6
FOV1-67,1,67,FOV1-67,1370.7,1173.5,Cortex,6
FOV1-68,1,68,FOV1-68,324.83,1171.1,Cortex,9
FOV1-69,1,69,FOV1-69,1443.6,1172.4,Cortex,6
FOV1-70,1,70,FOV1-70,427.71,1198.8,Cortex,3
FOV1-71,1,71,FOV1-71,1535.1,1200.2,Cortex,6
FOV1-72,1,72,FOV1-72,900.27,1238.5,Cortex,19
FOV1-73,1,73,FOV1-73,224.88,1256.6,Cortex,9
FOV1-74,1,74,FOV1-74,1461.1,1280.3,Cortex,3
FOV1-75,1,75,FOV1-75,1021.7,1287,Cortex,10
FOV1-76,1,76,FOV1-76,1117.7,1293.9,Cortex,19
FOV1-77,1,77,FOV1-77,440.01,1288.7,Cortex,6
FOV1-78,1,78,FOV1-78,1737.6,1294.6,Cortex,19
FOV1-79,1,79,FOV1-79,945.65,1316.1,Cortex,6
FOV1-80,1,80,FOV1-80,368.95,1337,Cortex,2
FOV1-81,1,81,FOV1-81,561.77,1325.4,Cortex,7
FOV1-82,1,82,FOV1-82,1802.9,1378.6,Cortex,6
FOV1-83,1,83,FOV1-83,1326.7,1369.9,Cortex,13
FOV1-84,1,84,FOV1-84,1687.2,1392,Cortex,10
FOV1-85,1,85,FOV1-85,514.6,1405.4,Cortex,9
FOV1-86,1,86,FOV1-86,1241.1,1416.5,Cortex,2
FOV1-87,1,87,FOV1-87,861.75,1422.2,Cortex,9
FOV1-88,1,88,FOV1-88,590.72,1450.9,Cortex,2
FOV1-89,1,89,FOV1-89,743.94,1449.9,Cortex,9
FOV1-90,1,90,FOV1-90,1463.2,1454.4,Cortex,13
FOV1-91,1,91,FOV1-91,1109,1461.1,Cortex,3
FOV1-92,1,92,FOV1-92,464.69,1475.3,Cortex,6
FOV1-93,1,93,FOV1-93,918.22,1498.7,Cortex,9
FOV1-94,1,94,FOV1-94,1748.9,1504.6,Cortex,19
FOV1-95,1,95,FOV1-95,1205.4,1539,Cortex,2
FOV1-96,1,96,FOV1-96,743.17,1548.5,Cortex,6
FOV1-97,1,97,FOV1-97,1087.2,1575.8,Cortex,20
FOV1-98,1,98,FOV1-98,856.63,1602.7,Cortex,6
FOV1-99,1,99,FOV1-99,531.71,1597.7,Cortex,13
FOV1-100,1,100,FOV1-100,1751.5,1615.1,Cortex,6
FOV1-101,1,101,FOV1-101,653.89,1619.9,Cortex,13
FOV1-102,1,102,FOV1-102,1625.7,1618.1,Cortex,7
FOV1-103,1,103,FOV1-103,751.4,1634.2,Cortex,2
FOV1-104,1,104,FOV1-104,1164.1,1649.6,Cortex,6
FOV1-105,1,105,FOV1-105,1536.8,1667,Cortex,6
FOV1-106,1,106,FOV1-106,1020.7,1715.3,Cortex,13
FOV1-107,1,107,FOV1-107,918.24,1736.8,Cortex,13
FOV1-108,1,108,FOV1-108,1046.5,1825.1,Cortex,6
FOV2-1,2,1,FOV2-1,1033.1,257.05,Cortex,2
FOV2-2,2,2,FOV2-2,794.27,292.92,Cortex,9
FOV2-3,2,3,FOV2-3,892.49,333.43,Cortex,13
FOV2-4,2,4,FOV2-4,1037.7,482.11,Cortex,9
FOV2-5,2,5,FOV2-5,1174.9,454.87,Cortex,18
FOV2-6,2,6,FOV2-6,864.35,553.63,Cortex,12
FOV2-7,2,7,FOV2-7,1112.1,572.82,Cortex,5
FOV2-8,2,8,FOV2-8,1240.8,601.12,Cortex,6
FOV2-9,2,9,FOV2-9,1365.4,629.16,Cortex,9
FOV2-10,2,10,FOV2-10,713.46,648.61,Cortex,18
FOV2-11,2,11,FOV2-11,1351.7,731,Cortex,13
FOV2-12,2,12,FOV2-12,874.24,769.85,Cortex,11
FOV2-13,2,13,FOV2-13,1231.8,782.75,Cortex,19
FOV2-14,2,14,FOV2-14,1699.3,815.55,Cortex,2
FOV2-15,2,15,FOV2-15,1336,845.58,Cortex,19
FOV2-16,2,16,FOV2-16,568.71,905.37,Cortex,18
FOV2-17,2,17,FOV2-17,1744.9,914.82,Cortex,5
FOV2-18,2,18,FOV2-18,1145.7,942.57,Cortex,8
FOV2-19,2,19,FOV2-19,1047.9,969.42,Cortex,10
FOV2-20,2,20,FOV2-20,493.04,1010.5,Cortex,7
FOV2-21,2,21,FOV2-21,999.3,1015.8,Cortex,19
FOV2-22,2,22,FOV2-22,1623.1,1034.6,Cortex,5
FOV2-23,2,23,FOV2-23,1437.8,1046.3,Cortex,4
FOV2-24,2,24,FOV2-24,752.18,1060.3,Cortex,18
FOV2-25,2,25,FOV2-25,490.18,1135.7,Cortex,18
FOV2-26,2,26,FOV2-26,1073.6,1212.2,Cortex,18
FOV2-27,2,27,FOV2-27,1585.5,1208.9,Cortex,2
FOV2-28,2,28,FOV2-28,761.15,1230.4,Cortex,19
FOV2-29,2,29,FOV2-29,529.72,1280.6,Cortex,18
FOV2-30,2,30,FOV2-30,872.18,1260.4,Cortex,19
FOV2-31,2,31,FOV2-31,800.37,1293.8,Cortex,10
FOV2-32,2,32,FOV2-32,1122.9,1357.8,Cortex,9
FOV2-33,2,33,FOV2-33,1281.7,1370.7,Cortex,13
FOV2-34,2,34,FOV2-34,1487.7,1419.8,Cortex,18
FOV2-35,2,35,FOV2-35,1168.7,1459.4,Cortex,7
FOV2-36,2,36,FOV2-36,1620.9,1484.7,Cortex,17
FOV2-37,2,37,FOV2-37,998.12,1506.5,Cortex,18
FOV2-38,2,38,FOV2-38,906.57,1575,Cortex,2
FOV2-39,2,39,FOV2-39,1769.8,1623.7,Cortex,23
FOV2-40,2,40,FOV2-40,974.49,1642.2,Cortex,2
FOV2-41,2,41,FOV2-41,1879.2,1640,Cortex,23
FOV2-42,2,42,FOV2-42,1473.7,1712.1,Cortex,23
FOV2-43,2,43,FOV2-43,873.9,1791.7,Cortex,18
FOV2-44,2,44,FOV2-44,1327.8,1779.7,Cortex,18
FOV2-45,2,45,FOV2-45,1507.3,242.2,Cortex,16
FOV2-46,2,46,FOV2-46,1522.7,378.56,Cortex,11
FOV2-47,2,47,FOV2-47,1655.5,403.55,Cortex,11
FOV2-48,2,48,FOV2-48,1415.4,428.59,Cortex,5
FOV2-49,2,49,FOV2-49,1309.2,499.93,Cortex,23
FOV2-50,2,50,FOV2-50,1484.8,523.33,Cortex,19
FOV2-51,2,51,FOV2-51,1668.2,564.18,Cortex,18
FOV2-52,2,52,FOV2-52,1474.1,692.95,Cortex,13
FOV2-53,2,53,FOV2-53,876.46,1435.8,Cortex,7
FOV2-54,2,54,FOV2-54,1734.5,1490.7,Cortex,13
FOV2-55,2,55,FOV2-55,1652.8,1624.6,Cortex,5
FOV2-56,2,56,FOV2-56,1371.3,1629.1,Cortex,2
FOV2-57,2,57,FOV2-57,707.72,154.95,Cortex,10
FOV2-58,2,58,FOV2-58,520.95,164.22,Cortex,13
FOV2-59,2,59,FOV2-59,623.17,186.34,Cortex,8
FOV2-60,2,60,FOV2-60,1818.8,303.04,Cortex,18
FOV2-61,2,61,FOV2-61,551.91,318.44,Cortex,5
FOV2-62,2,62,FOV2-62,633.05,351.02,Cortex,10
FOV2-63,2,63,FOV2-63,1820.3,432.8,Cortex,5
FOV2-64,2,64,FOV2-64,703.15,435.75,Cortex,20
FOV2-65,2,65,FOV2-65,573.52,448.74,Cortex,19
FOV2-66,2,66,FOV2-66,539.39,579.98,Cortex,4
FOV2-67,2,67,FOV2-67,420.87,649.9,Cortex,9
FOV2-68,2,68,FOV2-68,325.13,651.95,Cortex,23
FOV2-69,2,69,FOV2-69,1042.1,767.07,Cortex,9
FOV2-70,2,70,FOV2-70,300.32,799.03,Cortex,8
FOV2-71,2,71,FOV2-71,713.42,822.36,Cortex,2
FOV2-72,2,72,FOV2-72,756.36,882.69,Cortex,10
FOV2-73,2,73,FOV2-73,414.39,898.37,Cortex,18
FOV2-74,2,74,FOV2-74,257.98,941.94,Cortex,12
FOV2-75,2,75,FOV2-75,1904.6,1174.7,Cortex,5
FOV2-76,2,76,FOV2-76,1273.9,1232.8,Cortex,25
FOV2-77,2,77,FOV2-77,1803.1,1234.4,Cortex,23
FOV2-78,2,78,FOV2-78,174.8,1240,Cortex,18
FOV2-79,2,79,FOV2-79,1936,1321,Cortex,13
FOV2-80,2,80,FOV2-80,695.89,1485.6,Cortex,16
FOV2-81,2,81,FOV2-81,602.98,1502.4,Cortex,13
FOV2-82,2,82,FOV2-82,212.18,1495.6,Cortex,12
FOV2-83,2,83,FOV2-83,355.41,1509.6,Cortex,8
FOV2-84,2,84,FOV2-84,496.92,1581.6,Cortex,23
FOV2-85,2,85,FOV2-85,644.44,1678.4,Cortex,8
FOV2-86,2,86,FOV2-86,374.85,1718.7,Cortex,18
FOV2-87,2,87,FOV2-87,546.78,1820.3,Cortex,18
FOV2-88,2,88,FOV2-88,411.24,1829.3,Cortex,23
FOV2-89,2,89,FOV2-89,1202.5,1199.5,Cortex,2
FOV2-90,2,90,FOV2-90,1411.1,1282.3,Cortex,25
FOV3-1,3,1,FOV3-1,734.12,173.2,Cortex,11
FOV3-2,3,2,FOV3-2,1601.5,187.76,Cortex,5
FOV3-3,3,3,FOV3-3,1495.3,205.83,Cortex,2
FOV3-4,3,4,FOV3-4,1033.3,286.35,Cortex,5
FOV3-5,3,5,FOV3-5,723.27,295.67,Cortex,5
FOV3-6,3,6,FOV3-6,863.07,291.82,Cortex,4
FOV3-7,3,7,FOV3-7,1135.9,326.69,Cortex,4
FOV3-8,3,8,FOV3-8,1297.7,352.94,Cortex,4
FOV3-9,3,9,FOV3-9,701.05,402.96,Cortex,5
FOV3-10,3,10,FOV3-10,854.93,417.8,Cortex,10
FOV3-11,3,11,FOV3-11,352.2,411.06,Cortex,5
FOV3-12,3,12,FOV3-12,995.24,439.72,Cortex,2
FOV3-13,3,13,FOV3-13,1091.3,451.51,Cortex,5
FOV3-14,3,14,FOV3-14,1468.1,459.06,Cortex,23
FOV3-15,3,15,FOV3-15,1285.5,526.38,Cortex,20
FOV3-16,3,16,FOV3-16,1700.8,538.11,Cortex,16
FOV3-17,3,17,FOV3-17,653.28,565.94,Cortex,5
FOV3-18,3,18,FOV3-18,726.66,605.62,Cortex,20
FOV3-19,3,19,FOV3-19,1234,592.7,Cortex,4
FOV3-20,3,20,FOV3-20,877.47,601.13,Cortex,10
FOV3-21,3,21,FOV3-21,432.99,647.71,Cortex,5
FOV3-22,3,22,FOV3-22,1599.6,640.47,Cortex,5
FOV3-23,3,23,FOV3-23,1184,657.09,Cortex,4
FOV3-24,3,24,FOV3-24,1715.2,652.71,Cortex,10
FOV3-25,3,25,FOV3-25,966.9,695.14,Cortex,16
FOV3-26,3,26,FOV3-26,856.05,704.98,Cortex,4
FOV3-27,3,27,FOV3-27,716.81,720.39,Cortex,26
FOV3-28,3,28,FOV3-28,1873.1,727.22,Cortex,5
FOV3-29,3,29,FOV3-29,366.31,731.25,Cortex,20
FOV3-30,3,30,FOV3-30,1698,741.69,Cortex,4
FOV3-31,3,31,FOV3-31,1441.5,790.49,Cortex,10
FOV3-32,3,32,FOV3-32,985.08,766.92,Cortex,4
FOV3-33,3,33,FOV3-33,1559.7,768.01,Cortex,11
FOV3-34,3,34,FOV3-34,482.59,770.78,Cortex,2
FOV3-35,3,35,FOV3-35,859.35,781.87,Cortex,4
FOV3-36,3,36,FOV3-36,1768.8,803.16,Cortex,4
FOV3-37,3,37,FOV3-37,1052.8,811.34,Cortex,4
FOV3-38,3,38,FOV3-38,469.33,821.01,Cortex,2
FOV3-39,3,39,FOV3-39,1909.7,851.54,Cortex,5
FOV3-40,3,40,FOV3-40,699.51,869.09,Cortex,5
FOV3-41,3,41,FOV3-41,993.52,885.85,Cortex,6
FOV3-42,3,42,FOV3-42,475.36,880.24,Cortex,10
FOV3-43,3,43,FOV3-43,1725.6,893.95,Cortex,7
FOV3-44,3,44,FOV3-44,775.74,912.61,Cortex,5
FOV3-45,3,45,FOV3-45,914.75,902.99,Cortex,2
FOV3-46,3,46,FOV3-46,1374.1,897.6,Cortex,2
FOV3-47,3,47,FOV3-47,847.67,928.91,Cortex,4
FOV3-48,3,48,FOV3-48,1124.1,915.51,Cortex,4
FOV3-49,3,49,FOV3-49,499,934.52,Cortex,19
FOV3-50,3,50,FOV3-50,336.15,925.75,Cortex,11
FOV3-51,3,51,FOV3-51,1539.6,947.81,Cortex,16
FOV3-52,3,52,FOV3-52,1473.9,1010.6,Cortex,6
FOV3-53,3,53,FOV3-53,904.01,1039.9,Cortex,11
FOV3-54,3,54,FOV3-54,520.84,1054.7,Cortex,4
FOV3-55,3,55,FOV3-55,413.05,1088.1,Cortex,4
FOV3-56,3,56,FOV3-56,1345.6,1088.2,Cortex,4
FOV3-57,3,57,FOV3-57,1487.5,1109.4,Cortex,7
FOV3-58,3,58,FOV3-58,1010.8,1121.2,Cortex,4
FOV3-59,3,59,FOV3-59,271.68,1131,Cortex,5
FOV3-60,3,60,FOV3-60,475.72,1146.1,Cortex,4
FOV3-61,3,61,FOV3-61,1259.8,1137.3,Cortex,4
FOV3-62,3,62,FOV3-62,580.9,1156,Cortex,4
FOV3-63,3,63,FOV3-63,1083.2,1176.6,Cortex,4
FOV3-64,3,64,FOV3-64,1612.4,1171.4,Cortex,2
FOV3-65,3,65,FOV3-65,748.67,1163.3,Cortex,5
FOV3-66,3,66,FOV3-66,1758.6,1203.5,Cortex,23
FOV3-67,3,67,FOV3-67,894.31,1208.5,Cortex,5
FOV3-68,3,68,FOV3-68,1354,1217.6,Cortex,5
FOV3-69,3,69,FOV3-69,1227.8,1268.2,Cortex,2
FOV3-70,3,70,FOV3-70,536.66,1276.8,Cortex,4
FOV3-71,3,71,FOV3-71,1534.4,1322.1,Cortex,11
FOV3-72,3,72,FOV3-72,784.88,1319.8,Cortex,11
FOV3-73,3,73,FOV3-73,432.49,1328.1,Cortex,14
FOV3-74,3,74,FOV3-74,1147.6,1353.1,Cortex,5
FOV3-75,3,75,FOV3-75,303.16,1387.8,Cortex,11
FOV3-76,3,76,FOV3-76,808.9,1434,Cortex,5
FOV3-77,3,77,FOV3-77,1609.4,1457.8,Cortex,9
FOV3-78,3,78,FOV3-78,1101.1,1462.9,Cortex,23
FOV3-79,3,79,FOV3-79,972.21,1479.9,Cortex,18
FOV3-80,3,80,FOV3-80,1185.6,1503.2,Cortex,6
FOV3-81,3,81,FOV3-81,1413.4,1511.1,Cortex,5
FOV3-82,3,82,FOV3-82,1297.3,1513,Cortex,19
FOV3-83,3,83,FOV3-83,762.65,1521.3,Cortex,2
FOV3-84,3,84,FOV3-84,430.62,1531.7,Cortex,5
FOV3-85,3,85,FOV3-85,1702.9,1550.5,Cortex,18
FOV3-86,3,86,FOV3-86,592.77,1558.2,Cortex,4
FOV3-87,3,87,FOV3-87,1867,1560,Cortex,4
FOV3-88,3,88,FOV3-88,1413.6,1582.4,Cortex,2
FOV3-89,3,89,FOV3-89,1781.4,1601.5,Cortex,4
FOV3-90,3,90,FOV3-90,1137.3,1593.3,Cortex,4
FOV3-91,3,91,FOV3-91,422.92,1624.4,Cortex,4
FOV3-92,3,92,FOV3-92,1050.7,1631.9,Cortex,2
FOV3-93,3,93,FOV3-93,1219.8,1647.5,Cortex,5
FOV3-94,3,94,FOV3-94,843.53,1672.9,Cortex,16
FOV3-95,3,95,FOV3-95,1895.4,1682.8,Cortex,13
FOV3-96,3,96,FOV3-96,447.82,1730.5,Cortex,23
FOV3-97,3,97,FOV3-97,538.71,1731.2,Cortex,4
FOV3-98,3,98,FOV3-98,1185.9,1740.7,Cortex,4
FOV3-99,3,99,FOV3-99,972.19,1767.1,Cortex,11
FOV3-100,3,100,FOV3-100,325.14,1766.7,Cortex,18
FOV3-101,3,101,FOV3-101,1581.5,1739,Cortex,11
FOV3-102,3,102,FOV3-102,1802.9,1776.8,Cortex,11
FOV3-103,3,103,FOV3-103,1108.7,1832.8,Cortex,5
FOV3-104,3,104,FOV3-104,1596.6,493.4,Cortex,5
FOV3-105,3,105,FOV3-105,1298.9,646.27,Cortex,4
FOV3-106,3,106,FOV3-106,1352.2,718.58,Cortex,18
FOV4-1,4,1,FOV4-1,1008.4,250.45,Cortex,16
FOV4-2,4,2,FOV4-2,1253.3,272.22,Cortex,10
FOV4-3,4,3,FOV4-3,828.07,300.14,Cortex,16
FOV4-4,4,4,FOV4-4,1175.3,314.15,Cortex,16
FOV4-5,4,5,FOV4-5,1496.1,341.25,Cortex,10
FOV4-6,4,6,FOV4-6,787.84,407.41,Cortex,25
FOV4-7,4,7,FOV4-7,637.7,403.88,Cortex,16
FOV4-8,4,8,FOV4-8,1535.8,411.86,Cortex,2
FOV4-9,4,9,FOV4-9,1049.9,442.5,Cortex,16
FOV4-10,4,10,FOV4-10,856.5,483.83,Cortex,25
FOV4-11,4,11,FOV4-11,1431.2,506.98,Cortex,2
FOV4-12,4,12,FOV4-12,1365.5,553.75,Cortex,16
FOV4-13,4,13,FOV4-13,1669.5,541.34,Cortex,5
FOV4-14,4,14,FOV4-14,649.07,568.45,Cortex,4
FOV4-15,4,15,FOV4-15,1457.3,591.01,Cortex,4
FOV4-16,4,16,FOV4-16,1748.3,593.4,Cortex,2
FOV4-17,4,17,FOV4-17,1142.4,641.94,Cortex,5
FOV4-18,4,18,FOV4-18,1401.1,664.95,Cortex,5
FOV4-19,4,19,FOV4-19,594.37,678.13,Cortex,11
FOV4-20,4,20,FOV4-20,1462.6,694.32,Cortex,4
FOV4-21,4,21,FOV4-21,912.72,702.49,Cortex,2
FOV4-22,4,22,FOV4-22,979.93,787.12,Cortex,11
FOV4-23,4,23,FOV4-23,572.9,779.29,Cortex,4
FOV4-24,4,24,FOV4-24,1199.9,799.52,Cortex,18
FOV4-25,4,25,FOV4-25,1052.5,858.53,Cortex,4
FOV4-26,4,26,FOV4-26,1476.8,883.76,Cortex,25
FOV4-27,4,27,FOV4-27,1025.6,907.36,Cortex,11
FOV4-28,4,28,FOV4-28,1694.6,927.21,Cortex,5
FOV4-29,4,29,FOV4-29,756.22,931.75,Cortex,20
FOV4-30,4,30,FOV4-30,1346.7,921.01,Cortex,5
FOV4-31,4,31,FOV4-31,1015,963.72,Cortex,16
FOV4-32,4,32,FOV4-32,1214.2,976.64,Cortex,11
FOV4-33,4,33,FOV4-33,1511,1013.1,Cortex,11
FOV4-34,4,34,FOV4-34,1704.5,1072.9,Cortex,2
FOV4-35,4,35,FOV4-35,514.98,1070,Cortex,11
FOV4-36,4,36,FOV4-36,1140.8,1085.8,Cortex,5
FOV4-37,4,37,FOV4-37,360.99,1112.3,Cortex,10
FOV4-38,4,38,FOV4-38,1457.5,1133.4,Cortex,10
FOV4-39,4,39,FOV4-39,723.69,1137.1,Cortex,2
FOV4-40,4,40,FOV4-40,548.96,1178,Cortex,2
FOV4-41,4,41,FOV4-41,401.67,1186.7,Cortex,4
FOV4-42,4,42,FOV4-42,1751,1181.5,Cortex,5
FOV4-43,4,43,FOV4-43,649.14,1187.4,Cortex,4
FOV4-44,4,44,FOV4-44,590.47,1230.9,Cortex,4
FOV4-45,4,45,FOV4-45,1389.3,1260.8,Cortex,11
FOV4-46,4,46,FOV4-46,704.43,1265.8,Cortex,4
FOV4-47,4,47,FOV4-47,650.71,1274.1,Cortex,4
FOV4-48,4,48,FOV4-48,433.74,1281.7,Cortex,4
FOV4-49,4,49,FOV4-49,357.85,1335.5,Cortex,5
FOV4-50,4,50,FOV4-50,1526.8,1335.1,Cortex,5
FOV4-51,4,51,FOV4-51,748.14,1349.5,Cortex,20
FOV4-52,4,52,FOV4-52,611.71,1394.1,Cortex,4
FOV4-53,4,53,FOV4-53,1659.9,1433.7,Cortex,4
FOV4-54,4,54,FOV4-54,1058.5,1443.8,Cortex,4
FOV4-55,4,55,FOV4-55,1473.4,1441.7,Cortex,4
FOV4-56,4,56,FOV4-56,1352.4,1463.7,Cortex,4
FOV4-57,4,57,FOV4-57,1212.3,1473.5,Cortex,13
FOV4-58,4,58,FOV4-58,566.57,1489.8,Cortex,6
FOV4-59,4,59,FOV4-59,458.62,1505.2,Cortex,18
FOV4-60,4,60,FOV4-60,1568.4,1597.5,Cortex,2
FOV4-61,4,61,FOV4-61,1077.3,1600.3,Cortex,11
FOV4-62,4,62,FOV4-62,1467,1663,Cortex,2
FOV4-63,4,63,FOV4-63,1197.6,1671.7,Cortex,18
FOV4-64,4,64,FOV4-64,874.41,380.91,Cortex,25
FOV4-65,4,65,FOV4-65,937.71,418.1,Cortex,10
FOV4-66,4,66,FOV4-66,516.36,460.09,Cortex,16
FOV4-67,4,67,FOV4-67,501.54,549.3,Cortex,11
FOV4-68,4,68,FOV4-68,1174.3,549.17,Cortex,16
FOV4-69,4,69,FOV4-69,1237.7,565.2,Cortex,10
FOV4-70,4,70,FOV4-70,1055.9,578.53,Cortex,5
FOV4-71,4,71,FOV4-71,806.82,595.74,Cortex,11
FOV4-72,4,72,FOV4-72,1270.6,676.58,Cortex,11
FOV4-73,4,73,FOV4-73,1335,809.99,Cortex,5
FOV4-74,4,74,FOV4-74,1562.7,1098.3,Cortex,7
FOV4-75,4,75,FOV4-75,1059.2,1135.8,Cortex,10
FOV4-76,4,76,FOV4-76,932.93,1213.5,Cortex,4
FOV4-77,4,77,FOV4-77,1544,1241.6,Cortex,4
FOV4-78,4,78,FOV4-78,1081,1280.7,Cortex,22
FOV4-79,4,79,FOV4-79,847.99,1286.6,Cortex,11
FOV4-80,4,80,FOV4-80,639.03,1320,Cortex,12
FOV4-81,4,81,FOV4-81,1591.6,1402.9,Cortex,4
FOV4-82,4,82,FOV4-82,1749.5,1407.3,Cortex,5
FOV4-83,4,83,FOV4-83,1638.8,1512.5,Cortex,10
FOV4-84,4,84,FOV4-84,890.9,1517,Cortex,25
FOV4-85,4,85,FOV4-85,759.11,1549.9,Cortex,25
FOV4-86,4,86,FOV4-86,650.84,1561.3,Cortex,5
FOV4-87,4,87,FOV4-87,1727.9,1546.3,Cortex,7
FOV4-88,4,88,FOV4-88,872.21,1595.3,Cortex,16
FOV4-89,4,89,FOV4-89,767.46,1663.4,Cortex,5
FOV4-90,4,90,FOV4-90,401.07,396.26,Cortex,10
FOV4-91,4,91,FOV4-91,258.56,955.12,Cortex,11
FOV4-92,4,92,FOV4-92,230.15,1139.9,Cortex,5
FOV4-93,4,93,FOV4-93,1957.4,1157.5,Cortex,5
FOV4-94,4,94,FOV4-94,197.26,1435.4,Cortex,19
FOV4-95,4,95,FOV4-95,435.9,1670.1,Cortex,5
FOV4-96,4,96,FOV4-96,471.56,1766.3,Cortex,5
FOV4-97,4,97,FOV4-97,639.25,1774.4,Cortex,4
FOV4-98,4,98,FOV4-98,1129.9,1821.6,Cortex,4
FOV4-99,4,99,FOV4-99,296.98,1871,Cortex,11
FOV4-100,4,100,FOV4-100,456.62,1881.5,Cortex,11
FOV4-101,4,101,FOV4-101,1055.6,1903.3,Cortex,5
FOV5-1,5,1,FOV5-1,1318.4,438.57,SVZ,8
FOV5-2,5,2,FOV5-2,1266.6,443.21,SVZ,8
FOV5-3,5,3,FOV5-3,874.55,685.41,SVZ,21
FOV5-4,5,4,FOV5-4,838.26,765,SVZ,15
FOV5-5,5,5,FOV5-5,664.49,777.48,SVZ,15
FOV5-6,5,6,FOV5-6,542.23,855.84,SVZ,22
FOV5-7,5,7,FOV5-7,570.19,879.8,SVZ,12
FOV5-8,5,8,FOV5-8,614.6,902.81,SVZ,12
FOV5-9,5,9,FOV5-9,1846.1,960.08,SVZ,1
FOV5-10,5,10,FOV5-10,1359.5,968.53,SVZ,12
FOV5-11,5,11,FOV5-11,575.12,976.99,SVZ,21
FOV5-12,5,12,FOV5-12,1386.1,980.5,SVZ,22
FOV5-13,5,13,FOV5-13,1333.2,987.57,SVZ,12
FOV5-14,5,14,FOV5-14,481.27,993.4,SVZ,11
FOV5-15,5,15,FOV5-15,659.27,1007.2,SVZ,17
FOV5-16,5,16,FOV5-16,1532.6,1019.5,SVZ,8
FOV5-17,5,17,FOV5-17,1864.6,1016.9,SVZ,1
FOV5-18,5,18,FOV5-18,640.93,1033.4,SVZ,24
FOV5-19,5,19,FOV5-19,1304.6,1037.8,SVZ,21
FOV5-20,5,20,FOV5-20,601.66,1058.3,SVZ,14
FOV5-21,5,21,FOV5-21,535.3,1057.4,SVZ,8
FOV5-22,5,22,FOV5-22,701.94,1068,SVZ,24
FOV5-23,5,23,FOV5-23,1249.3,1094.2,SVZ,15
FOV5-24,5,24,FOV5-24,566.2,1106.4,SVZ,14
FOV5-25,5,25,FOV5-25,1725.3,1105.9,SVZ,24
FOV5-26,5,26,FOV5-26,949.75,1115.2,SVZ,21
FOV5-27,5,27,FOV5-27,619.76,1120.4,SVZ,14
FOV5-28,5,28,FOV5-28,1559.4,1127.3,SVZ,24
FOV5-29,5,29,FOV5-29,558.61,1164.3,SVZ,12
FOV5-30,5,30,FOV5-30,1626.3,1173.6,SVZ,15
FOV5-31,5,31,FOV5-31,673.82,1178.8,SVZ,24
FOV5-32,5,32,FOV5-32,1694.5,1179.3,SVZ,12
FOV5-33,5,33,FOV5-33,1492,1194.4,SVZ,17
FOV5-34,5,34,FOV5-34,706.85,1199.7,SVZ,17
FOV5-35,5,35,FOV5-35,1576.2,1207.5,SVZ,21
FOV5-36,5,36,FOV5-36,520.72,1211.9,SVZ,8
FOV5-37,5,37,FOV5-37,581.5,1208.7,SVZ,14
FOV5-38,5,38,FOV5-38,1394.3,1222.6,SVZ,17
FOV5-39,5,39,FOV5-39,1332.6,1226.4,SVZ,24
FOV5-40,5,40,FOV5-40,1427.6,1256,SVZ,8
FOV5-41,5,41,FOV5-41,1454.8,1283.7,SVZ,24
FOV5-42,5,42,FOV5-42,821.13,1311.9,SVZ,17
FOV5-43,5,43,FOV5-43,1535.6,1336,SVZ,16
FOV5-44,5,44,FOV5-44,1480.8,1356.5,SVZ,10
FOV5-45,5,45,FOV5-45,1565.8,1362.5,SVZ,16
FOV5-46,5,46,FOV5-46,729.27,1374.3,SVZ,16
FOV5-47,5,47,FOV5-47,832.75,1377.3,SVZ,16
FOV5-48,5,48,FOV5-48,1008,1431.7,SVZ,20
FOV5-49,5,49,FOV5-49,1381.4,415.23,SVZ,14
FOV5-50,5,50,FOV5-50,1350.5,425.35,SVZ,11
FOV5-51,5,51,FOV5-51,1237.8,471.52,SVZ,8
FOV5-52,5,52,FOV5-52,1282.8,472.81,SVZ,12
FOV5-53,5,53,FOV5-53,1341.3,175.17,SVZ,7
FOV5-54,5,54,FOV5-54,1462.6,224.22,SVZ,15
FOV5-55,5,55,FOV5-55,1640.8,252.21,SVZ,22
FOV5-56,5,56,FOV5-56,1609.4,280.49,SVZ,14
FOV5-57,5,57,FOV5-57,602.76,271.27,SVZ,7
FOV5-58,5,58,FOV5-58,1291.3,288.34,SVZ,7
FOV5-59,5,59,FOV5-59,1206.6,308.55,SVZ,7
FOV5-60,5,60,FOV5-60,682.44,324.7,SVZ,10
FOV5-61,5,61,FOV5-61,1354.5,339.12,SVZ,21
FOV5-62,5,62,FOV5-62,917.27,355.88,SVZ,2
FOV5-63,5,63,FOV5-63,1625.7,369.31,SVZ,22
FOV5-64,5,64,FOV5-64,1286.1,406.16,SVZ,8
FOV5-65,5,65,FOV5-65,560.14,427.05,SVZ,7
FOV5-66,5,66,FOV5-66,782.55,463.51,SVZ,10
FOV5-67,5,67,FOV5-67,1033.2,507.38,SVZ,20
FOV5-68,5,68,FOV5-68,1845.2,511.95,SVZ,1
FOV5-69,5,69,FOV5-69,532.17,521.5,SVZ,7
FOV5-70,5,70,FOV5-70,415.9,528.74,SVZ,7
FOV5-71,5,71,FOV5-71,671.41,543.44,SVZ,2
FOV5-72,5,72,FOV5-72,1416.1,556.32,SVZ,14
FOV5-73,5,73,FOV5-73,789.24,564.4,SVZ,7
FOV5-74,5,74,FOV5-74,1366,582.24,SVZ,14
FOV5-75,5,75,FOV5-75,1822.7,601.59,SVZ,1
FOV5-76,5,76,FOV5-76,956.77,611.15,SVZ,7
FOV5-77,5,77,FOV5-77,310.11,619.77,SVZ,10
FOV5-78,5,78,FOV5-78,1147.5,632.11,SVZ,13
FOV5-79,5,79,FOV5-79,769.97,645.73,SVZ,7
FOV5-80,5,80,FOV5-80,648.65,660.05,SVZ,10
FOV5-81,5,81,FOV5-81,1771.9,695.12,SVZ,1
FOV5-82,5,82,FOV5-82,1009.1,729.56,SVZ,17
FOV5-83,5,83,FOV5-83,364.9,749.52,SVZ,7
FOV5-84,5,84,FOV5-84,1248.8,782.47,SVZ,22
FOV5-85,5,85,FOV5-85,1754.7,795.66,SVZ,1
FOV5-86,5,86,FOV5-86,1156.6,804.03,SVZ,12
FOV5-87,5,87,FOV5-87,769.09,804.48,SVZ,15
FOV5-88,5,88,FOV5-88,289.1,830.86,SVZ,7
FOV5-89,5,89,FOV5-89,197.86,841.12,SVZ,2
FOV5-90,5,90,FOV5-90,370.67,863.92,SVZ,15
FOV5-91,5,91,FOV5-91,1808.7,889.53,SVZ,1
FOV5-92,5,92,FOV5-92,334.21,912.41,SVZ,15
FOV5-93,5,93,FOV5-93,955.73,942.69,SVZ,15
FOV5-94,5,94,FOV5-94,813.56,960.42,SVZ,8
FOV5-95,5,95,FOV5-95,408.08,972.32,SVZ,23
FOV5-96,5,96,FOV5-96,376.77,1000.9,SVZ,2
FOV5-97,5,97,FOV5-97,893.65,1027.4,SVZ,15
FOV5-98,5,98,FOV5-98,354.42,1041.8,SVZ,12
FOV5-99,5,99,FOV5-99,1627.9,1080.3,SVZ,21
FOV5-100,5,100,FOV5-100,828.06,1228.6,SVZ,17
FOV5-101,5,101,FOV5-101,995.7,1248.2,SVZ,22
FOV5-102,5,102,FOV5-102,1293.6,1281.9,SVZ,2
FOV5-103,5,103,FOV5-103,991.98,1281.6,SVZ,8
FOV5-104,5,104,FOV5-104,735.77,1285.3,SVZ,14
FOV5-105,5,105,FOV5-105,935.97,1323,SVZ,8
FOV5-106,5,106,FOV5-106,1433.2,1337.3,SVZ,8
FOV5-107,5,107,FOV5-107,407.8,1444.9,SVZ,14
FOV5-108,5,108,FOV5-108,616.16,1504.9,SVZ,15
FOV5-109,5,109,FOV5-109,411.79,1530.5,SVZ,16
FOV5-110,5,110,FOV5-110,508.45,1554.9,SVZ,15
FOV5-111,5,111,FOV5-111,583.78,1594.1,SVZ,14
FOV5-112,5,112,FOV5-112,678.82,1605.7,SVZ,16
FOV5-113,5,113,FOV5-113,684.74,1666,SVZ,25
FOV5-114,5,114,FOV5-114,975.84,1676.5,SVZ,20
FOV5-115,5,115,FOV5-115,466.77,1721,SVZ,16
FOV5-116,5,116,FOV5-116,768.28,1763.1,SVZ,16
FOV5-117,5,117,FOV5-117,1544.4,254.09,SVZ,12
FOV5-118,5,118,FOV5-118,1507.1,298.37,SVZ,15
FOV5-119,5,119,FOV5-119,1569.1,325.61,SVZ,23
FOV5-120,5,120,FOV5-120,1433.7,327.44,SVZ,14
FOV5-121,5,121,FOV5-121,1326.8,365.9,SVZ,8
FOV5-122,5,122,FOV5-122,1518.6,367.08,SVZ,11
FOV5-123,5,123,FOV5-123,1571.7,389.54,SVZ,8
FOV5-124,5,124,FOV5-124,1191.2,404.88,SVZ,12
FOV5-125,5,125,FOV5-125,1237,405.36,SVZ,21
FOV5-126,5,126,FOV5-126,1494,425.43,SVZ,8
FOV5-127,5,127,FOV5-127,1534.4,434.05,SVZ,14
FOV5-128,5,128,FOV5-128,1436.6,441.98,SVZ,12
FOV5-129,5,129,FOV5-129,1193.7,455.84,SVZ,11
FOV5-130,5,130,FOV5-130,1347,467.32,SVZ,12
FOV5-131,5,131,FOV5-131,1446.7,478.94,SVZ,12
FOV5-132,5,132,FOV5-132,1514.1,495.4,SVZ,19
FOV5-133,5,133,FOV5-133,1385.5,500,SVZ,17
FOV5-134,5,134,FOV5-134,1336.7,507.72,SVZ,17
FOV5-135,5,135,FOV5-135,1288.2,521.83,SVZ,17
FOV5-136,5,136,FOV5-136,1451.1,530.33,SVZ,19
FOV5-137,5,137,FOV5-137,1205,533.3,SVZ,15
FOV5-138,5,138,FOV5-138,1296.7,550.37,SVZ,17
FOV5-139,5,139,FOV5-139,1325.8,561.68,SVZ,22
FOV5-140,5,140,FOV5-140,1261.7,571.44,SVZ,8
FOV5-141,5,141,FOV5-141,1280.9,600.11,SVZ,8
FOV5-142,5,142,FOV5-142,1215.3,619.27,SVZ,23
FOV5-143,5,143,FOV5-143,1068.6,629.86,SVZ,20
FOV5-144,5,144,FOV5-144,1256.2,646.6,SVZ,22
FOV5-145,5,145,FOV5-145,1313.2,657.35,SVZ,22
FOV5-146,5,146,FOV5-146,1192.1,656.44,SVZ,22
FOV5-147,5,147,FOV5-147,1161.9,682.58,SVZ,21
FOV5-148,5,148,FOV5-148,987.56,686.98,SVZ,17
FOV5-149,5,149,FOV5-149,1117.1,696.32,SVZ,14
FOV5-150,5,150,FOV5-150,1221.7,708.18,SVZ,12
FOV5-151,5,151,FOV5-151,1181.9,731.84,SVZ,24
FOV5-152,5,152,FOV5-152,1277.6,737.05,SVZ,22
FOV5-153,5,153,FOV5-153,1134.9,751.55,SVZ,24
FOV5-154,5,154,FOV5-154,943.41,772.13,SVZ,2
FOV5-155,5,155,FOV5-155,1197,780.63,SVZ,24
FOV5-156,5,156,FOV5-156,465.62,790.69,SVZ,15
FOV5-157,5,157,FOV5-157,555.58,788.12,SVZ,7
FOV5-158,5,158,FOV5-158,1104.5,803.24,SVZ,12
FOV5-159,5,159,FOV5-159,1020,804.7,SVZ,12
FOV5-160,5,160,FOV5-160,926.48,815.14,SVZ,2
FOV5-161,5,161,FOV5-161,1232.2,821.94,SVZ,26
FOV5-162,5,162,FOV5-162,601.2,823.12,SVZ,8
FOV5-163,5,163,FOV5-163,1048.3,841.21,SVZ,17
FOV5-164,5,164,FOV5-164,691.21,846.47,SVZ,17
FOV5-165,5,165,FOV5-165,617.23,857.67,SVZ,12
FOV5-166,5,166,FOV5-166,1223,855.49,SVZ,22
FOV5-167,5,167,FOV5-167,747.81,861.49,SVZ,12
FOV5-168,5,168,FOV5-168,969.54,868.85,SVZ,15
FOV5-169,5,169,FOV5-169,1196.3,867.79,SVZ,9
FOV5-170,5,170,FOV5-170,1166.2,884.25,SVZ,8
FOV5-171,5,171,FOV5-171,671.17,881.72,SVZ,17
FOV5-172,5,172,FOV5-172,427.64,893.97,SVZ,15
FOV5-173,5,173,FOV5-173,1333.4,894.12,SVZ,22
FOV5-174,5,174,FOV5-174,765.03,900.44,SVZ,21
FOV5-175,5,175,FOV5-175,503.13,903.63,SVZ,17
FOV5-176,5,176,FOV5-176,1082.5,898.77,SVZ,14
FOV5-177,5,177,FOV5-177,707.7,908,SVZ,12
FOV5-178,5,178,FOV5-178,1469.7,914.39,SVZ,22
FOV5-179,5,179,FOV5-179,1531.2,918.7,SVZ,22
FOV5-180,5,180,FOV5-180,1033.4,931.78,SVZ,21
FOV5-181,5,181,FOV5-181,551.75,931.78,SVZ,17
FOV5-182,5,182,FOV5-182,1396.7,930.3,SVZ,13
FOV5-183,5,183,FOV5-183,1318.2,933.31,SVZ,24
FOV5-184,5,184,FOV5-184,1583.8,941.25,SVZ,26
FOV5-185,5,185,FOV5-185,1125.1,947.05,SVZ,12
FOV5-186,5,186,FOV5-186,457.33,943.03,SVZ,11
FOV5-187,5,187,FOV5-187,743.39,947.68,SVZ,12
FOV5-188,5,188,FOV5-188,1477.6,954.21,SVZ,22
FOV5-189,5,189,FOV5-189,347.56,958.13,SVZ,14
FOV5-190,5,190,FOV5-190,1194.7,955.89,SVZ,22
FOV5-191,5,191,FOV5-191,684.86,964.57,SVZ,17
FOV5-192,5,192,FOV5-192,1632.8,962.99,SVZ,22
FOV5-193,5,193,FOV5-193,524.04,968.91,SVZ,15
FOV5-194,5,194,FOV5-194,1547.1,972.6,SVZ,11
FOV5-195,5,195,FOV5-195,1599,974.21,SVZ,26
FOV5-196,5,196,FOV5-196,1038.8,983.53,SVZ,21
FOV5-197,5,197,FOV5-197,1753.9,982,SVZ,11
FOV5-198,5,198,FOV5-198,1670.6,980.93,SVZ,8
FOV5-199,5,199,FOV5-199,1701.5,988.16,SVZ,8
FOV5-200,5,200,FOV5-200,1283.5,997.62,SVZ,7
FOV5-201,5,201,FOV5-201,1084.1,1004.8,SVZ,8
FOV5-202,5,202,FOV5-202,1725.6,1004.9,SVZ,8
FOV5-203,5,203,FOV5-203,526.26,1017,SVZ,12
FOV5-204,5,204,FOV5-204,576.41,1018.5,SVZ,24
FOV5-205,5,205,FOV5-205,1625.5,1016.6,SVZ,14
FOV5-206,5,206,FOV5-206,1685.6,1020.6,SVZ,8
FOV5-207,5,207,FOV5-207,1792.3,1026,SVZ,22
FOV5-208,5,208,FOV5-208,1497,1036.7,SVZ,8
FOV5-209,5,209,FOV5-209,1764.1,1035.3,SVZ,24
FOV5-210,5,210,FOV5-210,405.72,1044.8,SVZ,12
FOV5-211,5,211,FOV5-211,1011.2,1048.8,SVZ,20
FOV5-212,5,212,FOV5-212,1451.9,1048.5,SVZ,21
FOV5-213,5,213,FOV5-213,452.61,1050.3,SVZ,14
FOV5-214,5,214,FOV5-214,1731.5,1055.3,SVZ,21
FOV5-215,5,215,FOV5-215,1406.4,1054.8,SVZ,17
FOV5-216,5,216,FOV5-216,1084.6,1060.4,SVZ,20
FOV5-217,5,217,FOV5-217,1527.9,1075.7,SVZ,21
FOV5-218,5,218,FOV5-218,1567.9,1075.7,SVZ,21
FOV5-219,5,219,FOV5-219,494.96,1090.2,SVZ,21
FOV5-220,5,220,FOV5-220,911.84,1082,SVZ,8
FOV5-221,5,221,FOV5-221,1755.3,1091.1,SVZ,12
FOV5-222,5,222,FOV5-222,1066.3,1096.4,SVZ,8
FOV5-223,5,223,FOV5-223,1482.1,1092.6,SVZ,8
FOV5-224,5,224,FOV5-224,438.82,1096.8,SVZ,21
FOV5-225,5,225,FOV5-225,379.99,1098.7,SVZ,17
FOV5-226,5,226,FOV5-226,676.38,1101,SVZ,15
FOV5-227,5,227,FOV5-227,1790.6,1111.9,SVZ,17
FOV5-228,5,228,FOV5-228,1424.4,1111.4,SVZ,14
FOV5-229,5,229,FOV5-229,1604.9,1111.6,SVZ,24
FOV5-230,5,230,FOV5-230,1661.9,1117.9,SVZ,12
FOV5-231,5,231,FOV5-231,1018.3,1134.5,SVZ,15
FOV5-232,5,232,FOV5-232,725.92,1139.5,SVZ,17
FOV5-233,5,233,FOV5-233,1693.7,1142.2,SVZ,12
FOV5-234,5,234,FOV5-234,430.84,1141.7,SVZ,15
FOV5-235,5,235,FOV5-235,777.81,1142.8,SVZ,12
FOV5-236,5,236,FOV5-236,512.39,1143.3,SVZ,11
FOV5-237,5,237,FOV5-237,1081.6,1145.1,SVZ,21
FOV5-238,5,238,FOV5-238,1314.4,1152.6,SVZ,12
FOV5-239,5,239,FOV5-239,483.26,1161.4,SVZ,23
FOV5-240,5,240,FOV5-240,820.82,1169.6,SVZ,8
FOV5-241,5,241,FOV5-241,1383.3,1171.9,SVZ,21
FOV5-242,5,242,FOV5-242,1264.2,1188.7,SVZ,14
FOV5-243,5,243,FOV5-243,466.23,1193.2,SVZ,24
FOV5-244,5,244,FOV5-244,902.94,1193.8,SVZ,8
FOV5-245,5,245,FOV5-245,961.03,1191.1,SVZ,12
FOV5-246,5,246,FOV5-246,416.6,1202.9,SVZ,17
FOV5-247,5,247,FOV5-247,1167.4,1203,SVZ,15
FOV5-248,5,248,FOV5-248,763.6,1211,SVZ,14
FOV5-249,5,249,FOV5-249,1013.2,1214.3,SVZ,24
FOV5-250,5,250,FOV5-250,1731.2,1216.9,SVZ,21
FOV5-251,5,251,FOV5-251,1073.5,1223.1,SVZ,15
FOV5-252,5,252,FOV5-252,909.97,1231.2,SVZ,26
FOV5-253,5,253,FOV5-253,1651.6,1234.9,SVZ,15
FOV5-254,5,254,FOV5-254,1701.9,1239.7,SVZ,24
FOV5-255,5,255,FOV5-255,633.35,1243.5,SVZ,14
FOV5-256,5,256,FOV5-256,1213.1,1257.1,SVZ,2
FOV5-257,5,257,FOV5-257,922.88,1266.4,SVZ,14
FOV5-258,5,258,FOV5-258,1073.8,1272.5,SVZ,17
FOV5-259,5,259,FOV5-259,1369.4,1281.2,SVZ,8
FOV5-260,5,260,FOV5-260,1146.5,1287,SVZ,12
FOV5-261,5,261,FOV5-261,543.26,1297.4,SVZ,14
FOV5-262,5,262,FOV5-262,781.33,1307.9,SVZ,17
FOV5-263,5,263,FOV5-263,628.89,1311.4,SVZ,25
FOV5-264,5,264,FOV5-264,1011,1322.9,SVZ,8
FOV5-265,5,265,FOV5-265,1340.4,1324.3,SVZ,26
FOV5-266,5,266,FOV5-266,1078.5,1322.9,SVZ,12
FOV5-267,5,267,FOV5-267,701.92,1334.7,SVZ,11
FOV5-268,5,268,FOV5-268,1132.9,1333.9,SVZ,2
FOV5-269,5,269,FOV5-269,1390.7,1330,SVZ,8
FOV5-270,5,270,FOV5-270,1129,1382.2,SVZ,20
FOV5-271,5,271,FOV5-271,1187,1392.8,SVZ,15
FOV5-272,5,272,FOV5-272,1338.9,1394.3,SVZ,19
FOV5-273,5,273,FOV5-273,1263.1,1422.6,SVZ,15
FOV5-274,5,274,FOV5-274,1414.2,1420.6,SVZ,15
FOV5-275,5,275,FOV5-275,1061.1,1446.7,SVZ,8
FOV5-276,5,276,FOV5-276,912.22,1453.7,SVZ,16
FOV5-277,5,277,FOV5-277,1636.4,1504.4,SVZ,14
FOV5-278,5,278,FOV5-278,1517.5,1548.2,SVZ,14
FOV5-279,5,279,FOV5-279,598.46,1668.9,SVZ,16
FOV5-280,5,280,FOV5-280,342.92,1682.3,SVZ,14
FOV5-281,5,281,FOV5-281,817.56,1008.9,SVZ,15
FOV6-1,6,1,FOV6-1,689.58,596.01,Choroid Plexus,1
FOV6-2,6,2,FOV6-2,1301.4,655.32,Choroid Plexus,1
FOV6-3,6,3,FOV6-3,1462.7,704.52,Choroid Plexus,1
FOV6-4,6,4,FOV6-4,1106.1,773.68,Choroid Plexus,1
FOV6-5,6,5,FOV6-5,1186.7,794.79,Choroid Plexus,1
FOV6-6,6,6,FOV6-6,271.67,838.14,Choroid Plexus,1
FOV6-7,6,7,FOV6-7,317.41,943.07,Choroid Plexus,1
FOV6-8,6,8,FOV6-8,407.83,1007.4,Choroid Plexus,1
FOV6-9,6,9,FOV6-9,687.62,1042.3,Choroid Plexus,1
FOV6-10,6,10,FOV6-10,1261.3,1052.6,Choroid Plexus,2
FOV6-11,6,11,FOV6-11,844.06,1085.6,Choroid Plexus,1
FOV6-12,6,12,FOV6-12,1243.9,1107.9,Choroid Plexus,1
FOV6-13,6,13,FOV6-13,912.97,1120.8,Choroid Plexus,1
FOV6-14,6,14,FOV6-14,1241.4,1161.4,Choroid Plexus,1
FOV6-15,6,15,FOV6-15,1230.4,1286.5,Choroid Plexus,1
FOV6-16,6,16,FOV6-16,1689.1,1299.6,Choroid Plexus,1
FOV6-17,6,17,FOV6-17,427.49,1318.8,Choroid Plexus,1
FOV6-18,6,18,FOV6-18,1269.7,1373.6,Choroid Plexus,1
FOV6-19,6,19,FOV6-19,387.5,1381.1,Choroid Plexus,1
FOV6-20,6,20,FOV6-20,1616,1384,Choroid Plexus,1
FOV6-21,6,21,FOV6-21,387.68,1453.5,Choroid Plexus,1
FOV6-22,6,22,FOV6-22,739.29,1463.2,Choroid Plexus,1
FOV6-23,6,23,FOV6-23,853,1524,Choroid Plexus,1
FOV6-24,6,24,FOV6-24,1331.7,1548.7,Choroid Plexus,2
FOV6-25,6,25,FOV6-25,370.57,1546.4,Choroid Plexus,1
FOV6-26,6,26,FOV6-26,788.33,1560,Choroid Plexus,1
FOV6-27,6,27,FOV6-27,440.33,1557.9,Choroid Plexus,1
FOV6-28,6,28,FOV6-28,922.88,1596.3,Choroid Plexus,1
FOV6-29,6,29,FOV6-29,1107.8,1590.5,Choroid Plexus,1
FOV6-30,6,30,FOV6-30,1256.8,1668.7,Choroid Plexus,1
FOV6-31,6,31,FOV6-31,1616.2,395.68,Choroid Plexus,1
FOV6-32,6,32,FOV6-32,1175,427.15,Choroid Plexus,1
FOV6-33,6,33,FOV6-33,1503.9,441.39,Choroid Plexus,1
FOV6-34,6,34,FOV6-34,1214.9,479.35,Choroid Plexus,1
FOV6-35,6,35,FOV6-35,1643.3,482.6,Choroid Plexus,1
FOV6-36,6,36,FOV6-36,1163.7,533.74,Choroid Plexus,1
FOV6-37,6,37,FOV6-37,454.92,576.67,Choroid Plexus,1
FOV6-38,6,38,FOV6-38,595.53,588,Choroid Plexus,1
FOV6-39,6,39,FOV6-39,324.02,594.87,Choroid Plexus,1
FOV6-40,6,40,FOV6-40,906,627.83,Choroid Plexus,1
FOV6-41,6,41,FOV6-41,786.31,625.34,Choroid Plexus,1
FOV6-42,6,42,FOV6-42,254.13,660.79,Choroid Plexus,1
FOV6-43,6,43,FOV6-43,443.96,660.93,Choroid Plexus,1
FOV6-44,6,44,FOV6-44,380.39,678.69,Choroid Plexus,1
FOV6-45,6,45,FOV6-45,906.68,715.8,Choroid Plexus,1
FOV6-46,6,46,FOV6-46,1280.7,717.68,Choroid Plexus,1
FOV6-47,6,47,FOV6-47,323.03,729.66,Choroid Plexus,1
FOV6-48,6,48,FOV6-48,1682.4,754.92,Choroid Plexus,1
FOV6-49,6,49,FOV6-49,202.05,756.78,Choroid Plexus,1
FOV6-50,6,50,FOV6-50,978.54,825.8,Choroid Plexus,1
FOV6-51,6,51,FOV6-51,1324.8,838.48,Choroid Plexus,1
FOV6-52,6,52,FOV6-52,1027.8,886.77,Choroid Plexus,1
FOV6-53,6,53,FOV6-53,1090.8,919.48,Choroid Plexus,1
FOV6-54,6,54,FOV6-54,1240,926.09,Choroid Plexus,1
FOV6-55,6,55,FOV6-55,1188.4,937.38,Choroid Plexus,1
FOV6-56,6,56,FOV6-56,1351.3,926.91,Choroid Plexus,1
FOV6-57,6,57,FOV6-57,1313.2,948.98,Choroid Plexus,8
FOV6-58,6,58,FOV6-58,1704.1,983.16,Choroid Plexus,1
FOV6-59,6,59,FOV6-59,1289.4,998.08,Choroid Plexus,2
FOV6-60,6,60,FOV6-60,1584.1,994.19,Choroid Plexus,1
FOV6-61,6,61,FOV6-61,1437.4,1025,Choroid Plexus,1
FOV6-62,6,62,FOV6-62,1696.2,1046.5,Choroid Plexus,2
FOV6-63,6,63,FOV6-63,1588.4,1061.8,Choroid Plexus,1
FOV6-64,6,64,FOV6-64,1390.7,1069.4,Choroid Plexus,2
FOV6-65,6,65,FOV6-65,1784.9,1081.5,Choroid Plexus,1
FOV6-66,6,66,FOV6-66,1093.3,1104.9,Choroid Plexus,1
FOV6-67,6,67,FOV6-67,637.47,1107.5,Choroid Plexus,1
FOV6-68,6,68,FOV6-68,1709.9,1117.7,Choroid Plexus,1
FOV6-69,6,69,FOV6-69,1789,1118,Choroid Plexus,1
FOV6-70,6,70,FOV6-70,1631.6,1126.5,Choroid Plexus,1
FOV6-71,6,71,FOV6-71,1344,1157.3,Choroid Plexus,1
FOV6-72,6,72,FOV6-72,1013.4,1169.5,Choroid Plexus,1
FOV6-73,6,73,FOV6-73,1551.3,1166.4,Choroid Plexus,1
FOV6-74,6,74,FOV6-74,1444.5,1185.8,Choroid Plexus,1
FOV6-75,6,75,FOV6-75,1282.9,1233.3,Choroid Plexus,1
FOV6-76,6,76,FOV6-76,653.02,1243.2,Choroid Plexus,2
FOV6-77,6,77,FOV6-77,504.95,1256.1,Choroid Plexus,1
FOV6-78,6,78,FOV6-78,583.82,1286.5,Choroid Plexus,2
FOV6-79,6,79,FOV6-79,1425.5,1398.2,Choroid Plexus,1
FOV6-80,6,80,FOV6-80,1295.1,1433.7,Choroid Plexus,1
FOV6-81,6,81,FOV6-81,1278.7,1487.1,Choroid Plexus,1
FOV6-82,6,82,FOV6-82,1368.5,1494.7,Choroid Plexus,2
FOV6-83,6,83,FOV6-83,605.14,1593.9,Choroid Plexus,2
FOV6-84,6,84,FOV6-84,1755.5,1637.6,Choroid Plexus,2
FOV6-85,6,85,FOV6-85,490.23,1708.8,Choroid Plexus,1
FOV6-86,6,86,FOV6-86,1034.8,358.87,Choroid Plexus,1
FOV6-87,6,87,FOV6-87,1105.1,381.5,Choroid Plexus,1
FOV6-88,6,88,FOV6-88,1257.8,380.21,Choroid Plexus,1
FOV6-89,6,89,FOV6-89,1386.3,399.33,Choroid Plexus,1
FOV6-90,6,90,FOV6-90,1322.6,529.93,Choroid Plexus,2
FOV6-91,6,91,FOV6-91,1494.6,534.57,Choroid Plexus,1
FOV6-92,6,92,FOV6-92,1247.1,579.42,Choroid Plexus,1
FOV6-93,6,93,FOV6-93,1652.9,709.22,Choroid Plexus,1
FOV6-94,6,94,FOV6-94,1557.5,753.37,Choroid Plexus,1
FOV6-95,6,95,FOV6-95,836.96,784.33,Choroid Plexus,1
FOV6-96,6,96,FOV6-96,1013.1,767.09,Choroid Plexus,1
FOV6-97,6,97,FOV6-97,870.32,862.08,Choroid Plexus,1
FOV6-98,6,98,FOV6-98,837.08,922.4,Choroid Plexus,26
FOV6-99,6,99,FOV6-99,660.76,935.14,Choroid Plexus,2
FOV6-100,6,100,FOV6-100,919.96,986.27,Choroid Plexus,2
FOV6-101,6,101,FOV6-101,1808.3,1037.9,Choroid Plexus,1
FOV6-102,6,102,FOV6-102,759.1,1081.7,Choroid Plexus,1
FOV6-103,6,103,FOV6-103,809.31,1176,Choroid Plexus,1
FOV6-104,6,104,FOV6-104,1136.2,1198.8,Choroid Plexus,1
FOV6-105,6,105,FOV6-105,1505.3,1409.3,Choroid Plexus,1
FOV6-106,6,106,FOV6-106,1344.3,1429.5,Choroid Plexus,1
FOV6-107,6,107,FOV6-107,1409.3,1454.2,Choroid Plexus,2
FOV6-108,6,108,FOV6-108,389.93,1667.5,Choroid Plexus,1
FOV6-109,6,109,FOV6-109,447.85,1672.3,Choroid Plexus,20
