"","cellname","cluster","celltype","nUMI"
"X1772071015_C02","X1772071015_C02",1,"iNeuron",7902
"X1772071017_G12","X1772071017_G12",1,"iNeuron",8035
"X1772071017_A05","X1772071017_A05",1,"iNeuron",11971
"X1772071014_B06","X1772071014_B06",1,"iNeuron",12309
"X1772067065_H06","X1772067065_H06",1,"iNeuron",8390
"X1772071017_E02","X1772071017_E02",1,"iNeuron",9768
"X1772067065_B07","X1772067065_B07",1,"iNeuron",12360
"X1772071014_E04","X1772071014_E04",1,"iNeuron",8755
"X1772071015_D04","X1772071015_D04",1,"iNeuron",9164
"X1772071015_C11","X1772071015_C11",1,"iNeuron",6703
"X1772071017_D04","X1772071017_D04",1,"iNeuron",10848
"X1772071017_D06","X1772071017_D06",1,"iNeuron",12886
"X1772071017_F09","X1772071017_F09",1,"iNeuron",13045
"X1772071017_A09","X1772071017_A09",1,"iNeuron",15181
"X1772071015_C08","X1772071015_C08",1,"iNeuron",8655
"X1772071017_A03","X1772071017_A03",1,"iNeuron",15694
"X1772071017_F07","X1772071017_F07",1,"iNeuron",15131
"X1772071017_E06","X1772071017_E06",1,"iNeuron",13074
"X1772067066_C10","X1772067066_C10",1,"iNeuron",6099
"X1772071017_B05","X1772071017_B05",1,"iNeuron",9399
"X1772071014_E06","X1772071014_E06",1,"iNeuron",12692
"X1772071014_B04","X1772071014_B04",1,"iNeuron",7529
"X1772067066_B09","X1772067066_B09",1,"iNeuron",10080
"X1772071017_E10","X1772071017_E10",1,"iNeuron",5659
"X1772071015_B08","X1772071015_B08",1,"iNeuron",9687
"X1772071014_C11","X1772071014_C11",1,"iNeuron",8641
"X1772067066_E10","X1772067066_E10",1,"iNeuron",6216
"X1772067065_F11","X1772067065_F11",1,"iNeuron",7207
"X1772071014_H11","X1772071014_H11",1,"iNeuron",10190
"X1772071017_B11","X1772071017_B11",1,"iNeuron",8317
"X1772071014_A07","X1772071014_A07",1,"iNeuron",13302
"X1772071017_B03","X1772071017_B03",1,"iNeuron",7437
"X1772071015_B04","X1772071015_B04",1,"iNeuron",8583
"X1772071014_D03","X1772071014_D03",1,"iNeuron",5979
"X1772067065_D06","X1772067065_D06",1,"iNeuron",8233
"X1772067066_H08","X1772067066_H08",1,"iNeuron",5255
"X1772071017_G11","X1772071017_G11",1,"iNeuron",9514
"X1772071014_H12","X1772071014_H12",1,"iNeuron",9488
"X1772071015_F03","X1772071015_F03",1,"iNeuron",9035
"X1772071015_B11","X1772071015_B11",1,"iNeuron",11562
"X1772071014_G10","X1772071014_G10",1,"iNeuron",9438
"X1772067066_B07","X1772067066_B07",1,"iNeuron",5244
"X1772067065_G01","X1772067065_G01",1,"iNeuron",5133
"X1772071015_F07","X1772071015_F07",1,"iNeuron",16974
"X1772067065_E07","X1772067065_E07",1,"iNeuron",9575
"X1772071015_C10","X1772071015_C10",1,"iNeuron",6106
"X1772067063_E06","X1772067063_E06",1,"iNeuron",7124
"X1772067065_A11","X1772067065_A11",1,"iNeuron",13786
"X1772071015_G12","X1772071015_G12",1,"iNeuron",12247
"X1772067065_D01","X1772067065_D01",1,"iNeuron",6535
"X1772071015_A02","X1772071015_A02",1,"iNeuron",10559
"X1772071014_F01","X1772071014_F01",1,"iNeuron",5035
"X1772071015_D06","X1772071015_D06",1,"iNeuron",10408
"X1772071017_B02","X1772071017_B02",1,"iNeuron",18763
"X1772071017_D07","X1772071017_D07",1,"iNeuron",16002
"X1772071017_A11","X1772071017_A11",1,"iNeuron",7884
"X1772071017_B01","X1772071017_B01",1,"iNeuron",7868
"X1772071017_C07","X1772071017_C07",1,"iNeuron",13879
"X1772071015_H11","X1772071015_H11",1,"iNeuron",8136
"X1772071014_A05","X1772071014_A05",1,"iNeuron",6812
"X1772071017_A10","X1772071017_A10",1,"iNeuron",9441
"X1772071017_C08","X1772071017_C08",1,"iNeuron",9222
"X1772071017_B09","X1772071017_B09",1,"iNeuron",5247
"X1772067066_A09","X1772067066_A09",1,"iNeuron",4363
"X1772067065_A12","X1772067065_A12",1,"iNeuron",5344
"X1772071015_G04","X1772071015_G04",1,"iNeuron",7350
"X1772067066_B02","X1772067066_B02",1,"iNeuron",7337
"X1772071015_E06","X1772071015_E06",1,"iNeuron",8518
"X1772067064_E04","X1772067064_E04",1,"iNeuron",11635
"X1772071015_C01","X1772071015_C01",1,"iNeuron",7715
"X1772071014_F06","X1772071014_F06",1,"iNeuron",6846
"X1772071017_D10","X1772071017_D10",1,"iNeuron",12447
"X1772071017_C05","X1772071017_C05",1,"iNeuron",8567
"X1772071014_E05","X1772071014_E05",1,"iNeuron",8095
"X1772071017_E04","X1772071017_E04",1,"iNeuron",14698
"X1772058148_D08","X1772058148_D08",1,"iNeuron",5138
"X1772067065_F07","X1772067065_F07",1,"iNeuron",7125
"X1772062128_G08","X1772062128_G08",1,"iNeuron",3152
"X1772063077_B03","X1772063077_B03",1,"iNeuron",4480
"X1772062114_H03","X1772062114_H03",1,"iNeuron",7945
"X1772062114_E02","X1772062114_E02",1,"iNeuron",7740
"X1772063068_G07","X1772063068_G07",1,"iNeuron",2500
"X1772062115_A12","X1772062115_A12",1,"iNeuron",4262
"X1772062113_F08","X1772062113_F08",1,"iNeuron",2713
"X1772062115_G05","X1772062115_G05",1,"iNeuron",6325
"X1772063064_G08","X1772063064_G08",1,"iNeuron",5022
"X1772071040_A12","X1772071040_A12",1,"iNeuron",7056
"X1772063078_F01","X1772063078_F01",1,"iNeuron",6248
"X1772063078_F12","X1772063078_F12",1,"iNeuron",3684
"X1772062115_C05","X1772062115_C05",1,"iNeuron",2363
"X1772063064_G03","X1772063064_G03",1,"iNeuron",3824
"X1772062128_D11","X1772062128_D11",1,"iNeuron",4079
"X1772063078_B02","X1772063078_B02",1,"iNeuron",5556
"X1772062111_G03","X1772062111_G03",1,"iNeuron",2281
"X1772063061_H03","X1772063061_H03",1,"iNeuron",2837
"X1772067065_A02","X1772067065_A02",1,"iNeuron",5488
"X1772062128_G04","X1772062128_G04",1,"iNeuron",3158
"X1772062109_H03","X1772062109_H03",1,"iNeuron",4251
"X1772063063_F01","X1772063063_F01",1,"iNeuron",6443
"X1772062128_B10","X1772062128_B10",1,"iNeuron",5160
"X1772063061_B03","X1772063061_B03",1,"iNeuron",4134
"X1772063061_B05","X1772063061_B05",1,"iNeuron",6214
"X1772058177_G09","X1772058177_G09",1,"iNeuron",5392
"X1772071015_H07","X1772071015_H07",1,"iNeuron",18429
"X1772062109_H07","X1772062109_H07",1,"iNeuron",8752
"X1772071014_A06","X1772071014_A06",1,"iNeuron",2536
"X1772071015_A11","X1772071015_A11",1,"iNeuron",5158
"X1772071015_C09","X1772071015_C09",1,"iNeuron",4280
"X1772063071_A06","X1772063071_A06",1,"iNeuron",1775
"X1772058148_F09","X1772058148_F09",1,"iNeuron",3019
"X1772067066_H09","X1772067066_H09",1,"iNeuron",2898
"X1772067065_G10","X1772067065_G10",1,"iNeuron",2689
"X1772071015_A05","X1772071015_A05",1,"iNeuron",2867
"X1772067065_B10","X1772067065_B10",1,"iNeuron",2808
"X1772067065_A01","X1772067065_A01",1,"iNeuron",2796
"X1772062128_F10","X1772062128_F10",1,"iNeuron",3826
"X1772071017_H06","X1772071017_H06",1,"iNeuron",6543
"X1772071014_A12","X1772071014_A12",1,"iNeuron",4825
"X1772067065_F08","X1772067065_F08",1,"iNeuron",2558
"X1772058148_H04","X1772058148_H04",1,"iNeuron",3042
"X1772063077_H05","X1772063077_H05",1,"iNeuron",2839
"X1772067065_B12","X1772067065_B12",1,"iNeuron",1975
"X1772067065_G11","X1772067065_G11",1,"iNeuron",4849
"X1772067066_A10","X1772067066_A10",1,"iNeuron",3655
"X1772067066_E02","X1772067066_E02",1,"iNeuron",3903
"X1772067066_A11","X1772067066_A11",1,"iNeuron",4242
"X1772067065_B09","X1772067065_B09",1,"iNeuron",3141
"X1772067065_F10","X1772067065_F10",1,"iNeuron",3240
"X1772063063_H03","X1772063063_H03",1,"iNeuron",3642
"X1772071017_A01","X1772071017_A01",1,"iNeuron",6376
"X1772067066_D04","X1772067066_D04",1,"iNeuron",4061
"X1772067065_G12","X1772067065_G12",1,"iNeuron",2629
"X1772071017_G05","X1772071017_G05",1,"iNeuron",4648
"X1772071017_D12","X1772071017_D12",1,"iNeuron",6140
"X1772071015_A01","X1772071015_A01",1,"iNeuron",4901
"X1772071017_H10","X1772071017_H10",1,"iNeuron",5861
"X1772063070_B10","X1772063070_B10",1,"iNeuron",4073
"X1772063065_C02","X1772063065_C02",1,"iNeuron",1815
"X1772071015_E10","X1772071015_E10",1,"iNeuron",3941
"X1772062115_H01","X1772062115_H01",1,"iNeuron",3414
"X1772071041_B06","X1772071041_B06",1,"iNeuron",2202
"X1772071015_F05","X1772071015_F05",1,"iNeuron",4701
"X1772062115_G06","X1772062115_G06",1,"iNeuron",2016
"X1772071015_G09","X1772071015_G09",1,"iNeuron",4588
"X1772071017_G02","X1772071017_G02",1,"iNeuron",4910
"X1772062111_C11","X1772062111_C11",1,"iNeuron",3746
"X1772058148_H03","X1772058148_H03",1,"iNeuron",4248
"X1772071017_C10","X1772071017_C10",1,"iNeuron",3379
"X1772071014_B10","X1772071014_B10",1,"iNeuron",4727
"X1772062128_G06","X1772062128_G06",1,"iNeuron",2593
"X1772063068_F12","X1772063068_F12",1,"iNeuron",2865
"X1772063074_E11","X1772063074_E11",1,"iNeuron",2478
"X1772067073_C01","X1772067073_C01",1,"iNeuron",3066
"X1772058177_D04","X1772058177_D04",1,"iNeuron",3912
"X1772071017_D01","X1772071017_D01",1,"iNeuron",3744
"X1772058148_H08","X1772058148_H08",1,"iNeuron",4373
"X1772071015_E08","X1772071015_E08",1,"iNeuron",5506
"X1772071014_C04","X1772071014_C04",1,"iNeuron",4291
"X1772071017_A08","X1772071017_A08",1,"iNeuron",4387
"X1772063064_B06","X1772063064_B06",1,"iNeuron",2065
"X1772067065_A08","X1772067065_A08",1,"iNeuron",3494
"X1772071017_A06","X1772071017_A06",1,"iNeuron",6883
"X1772071014_F12","X1772071014_F12",1,"iNeuron",4308
"X1772071014_E02","X1772071014_E02",1,"iNeuron",4582
"X1772067069_H02","X1772067069_H02",2,"eNeuron",6301
"X1772063071_B07","X1772063071_B07",2,"eNeuron",11410
"X1772067073_F04","X1772067073_F04",2,"eNeuron",11848
"X1772067069_A03","X1772067069_A03",2,"eNeuron",8629
"X1772067066_E04","X1772067066_E04",2,"eNeuron",11935
"X1772067063_C05","X1772067063_C05",2,"eNeuron",19182
"X1772067069_C12","X1772067069_C12",2,"eNeuron",6175
"X1772067064_C12","X1772067064_C12",2,"eNeuron",13550
"X1772071041_F07","X1772071041_F07",2,"eNeuron",8325
"X1772071040_B04","X1772071040_B04",2,"eNeuron",7853
"X1772067063_E09","X1772067063_E09",2,"eNeuron",11580
"X1772067070_D04","X1772067070_D04",2,"eNeuron",7552
"X1772067064_C07","X1772067064_C07",2,"eNeuron",13217
"X1772067069_A11","X1772067069_A11",2,"eNeuron",8632
"X1772067064_H09","X1772067064_H09",2,"eNeuron",15014
"X1772071040_B01","X1772071040_B01",2,"eNeuron",7339
"X1772067064_B04","X1772067064_B04",2,"eNeuron",11590
"X1772063063_E12","X1772063063_E12",2,"eNeuron",11140
"X1772067069_D10","X1772067069_D10",2,"eNeuron",6325
"X1772062109_B03","X1772062109_B03",2,"eNeuron",7921
"X1772067064_C09","X1772067064_C09",2,"eNeuron",16860
"X1772067064_D02","X1772067064_D02",2,"eNeuron",10584
"X1772067069_H10","X1772067069_H10",2,"eNeuron",6894
"X1772071017_G01","X1772071017_G01",2,"eNeuron",4557
"X1772067063_B02","X1772067063_B02",2,"eNeuron",9818
"X1772060240_A07","X1772060240_A07",2,"eNeuron",12597
"X1772067073_A01","X1772067073_A01",2,"eNeuron",6721
"X1772067064_B01","X1772067064_B01",2,"eNeuron",10544
"X1772067074_A06","X1772067074_A06",2,"eNeuron",8853
"X1772062116_B04","X1772062116_B04",2,"eNeuron",8747
"X1772071041_G09","X1772071041_G09",2,"eNeuron",10308
"X1772067069_B02","X1772067069_B02",2,"eNeuron",17167
"X1772067070_C01","X1772067070_C01",2,"eNeuron",4484
"X1772067070_A03","X1772067070_A03",2,"eNeuron",4898
"X1772071017_C06","X1772071017_C06",2,"eNeuron",7435
"X1772067064_B05","X1772067064_B05",2,"eNeuron",14052
"X1772067073_C12","X1772067073_C12",2,"eNeuron",14111
"X1772067064_C02","X1772067064_C02",2,"eNeuron",15647
"X1772067070_G11","X1772067070_G11",2,"eNeuron",8781
"X1772067074_F07","X1772067074_F07",2,"eNeuron",11463
"X1772067069_G06","X1772067069_G06",2,"eNeuron",14156
"X1772067070_F07","X1772067070_F07",2,"eNeuron",9243
"X1772071041_H11","X1772071041_H11",2,"eNeuron",9632
"X1772067066_A06","X1772067066_A06",2,"eNeuron",5933
"X1772071040_G08","X1772071040_G08",2,"eNeuron",6396
"X1772067064_G02","X1772067064_G02",2,"eNeuron",10336
"X1772071040_E01","X1772071040_E01",2,"eNeuron",7793
"X1772067070_F03","X1772067070_F03",2,"eNeuron",6117
"X1772067074_D05","X1772067074_D05",2,"eNeuron",8551
"X1772067069_G03","X1772067069_G03",2,"eNeuron",6674
"X1772067070_E11","X1772067070_E11",2,"eNeuron",6938
"X1772071017_D11","X1772071017_D11",2,"eNeuron",10361
"X1772071041_E12","X1772071041_E12",2,"eNeuron",5346
"X1772071041_F09","X1772071041_F09",2,"eNeuron",6025
"X1772071041_D09","X1772071041_D09",2,"eNeuron",5680
"X1772071041_H12","X1772071041_H12",2,"eNeuron",5098
"X1772067073_F08","X1772067073_F08",2,"eNeuron",7798
"X1772071041_D04","X1772071041_D04",2,"eNeuron",10827
"X1772071040_F05","X1772071040_F05",2,"eNeuron",7866
"X1772071041_E01","X1772071041_E01",2,"eNeuron",4730
"X1772071041_G07","X1772071041_G07",2,"eNeuron",5446
"X1772071041_G03","X1772071041_G03",2,"eNeuron",7365
"X1772071041_H09","X1772071041_H09",2,"eNeuron",4393
"X1772071041_G08","X1772071041_G08",2,"eNeuron",5344
"X1772067070_G08","X1772067070_G08",2,"eNeuron",5017
"X1772067064_F02","X1772067064_F02",2,"eNeuron",7246
"X1772067064_F01","X1772067064_F01",2,"eNeuron",12391
"X1772063063_H02","X1772063063_H02",2,"eNeuron",2945
"X1772063065_C11","X1772063065_C11",2,"eNeuron",1767
"X1772063071_G03","X1772063071_G03",2,"eNeuron",2075
"X1772063068_A01","X1772063068_A01",2,"eNeuron",2683
"X1772063071_E06","X1772063071_E06",2,"eNeuron",2849
"X1772071041_A04","X1772071041_A04",2,"eNeuron",6803
"X1772063068_B01","X1772063068_B01",2,"eNeuron",2749
"X1772063070_F03","X1772063070_F03",2,"eNeuron",6402
"X1772063063_G11","X1772063063_G11",2,"eNeuron",5164
"X1772063062_H11","X1772063062_H11",2,"eNeuron",3526
"X1772063077_D06","X1772063077_D06",2,"eNeuron",2558
"X1772071041_H10","X1772071041_H10",2,"eNeuron",2820
"X1772063064_D02","X1772063064_D02",2,"eNeuron",5020
"X1772067074_C05","X1772067074_C05",2,"eNeuron",4688
"X1772067066_B03","X1772067066_B03",2,"eNeuron",6409
"X1772063068_F11","X1772063068_F11",2,"eNeuron",1842
"X1772067070_D06","X1772067070_D06",2,"eNeuron",5024
"X1772067074_B09","X1772067074_B09",2,"eNeuron",4725
"X1772063077_D12","X1772063077_D12",2,"eNeuron",4675
"X1772067074_F03","X1772067074_F03",2,"eNeuron",4638
"X1772071041_C05","X1772071041_C05",2,"eNeuron",4461
"X1772067070_G12","X1772067070_G12",2,"eNeuron",3732
"X1772071041_A02","X1772071041_A02",2,"eNeuron",7009
"X1772067074_B01","X1772067074_B01",2,"eNeuron",6787
"X1772062115_G01","X1772062115_G01",2,"eNeuron",2712
"X1772067063_B12","X1772067063_B12",2,"eNeuron",4667
"X1772067063_H04","X1772067063_H04",2,"eNeuron",10640
"X1772067073_G09","X1772067073_G09",2,"eNeuron",5358
"X1772067069_E04","X1772067069_E04",2,"eNeuron",7504
"X1772067073_C04","X1772067073_C04",2,"eNeuron",7932
"X1772063071_H01","X1772063071_H01",2,"eNeuron",2551
"X1772063065_A10","X1772063065_A10",2,"eNeuron",2268
"X1772063068_D04","X1772063068_D04",2,"eNeuron",2792
"X1772067069_F05","X1772067069_F05",2,"eNeuron",5975
"X1772063068_F07","X1772063068_F07",2,"eNeuron",4563
"X1772063068_A02","X1772063068_A02",2,"eNeuron",2142
"X1772063063_E04","X1772063063_E04",2,"eNeuron",7120
"X1772063065_F02","X1772063065_F02",2,"eNeuron",2801
"X1772067074_F12","X1772067074_F12",2,"eNeuron",4648
"X1772067064_A01","X1772067064_A01",2,"eNeuron",3555
"X1772063064_B11","X1772063064_B11",2,"eNeuron",4299
"X1772062128_E10","X1772062128_E10",2,"eNeuron",2118
"X1772063065_F03","X1772063065_F03",2,"eNeuron",2392
"X1772060224_B06","X1772060224_B06",2,"eNeuron",3155
"X1772071041_H05","X1772071041_H05",2,"eNeuron",3179
"X1772062109_E06","X1772062109_E06",2,"eNeuron",4284
"X1772071040_G09","X1772071040_G09",2,"eNeuron",4393
"X1772071041_E10","X1772071041_E10",2,"eNeuron",2723
"X1772062128_D07","X1772062128_D07",2,"eNeuron",3882
"X1772062128_D10","X1772062128_D10",2,"eNeuron",4474
"X1772063078_B12","X1772063078_B12",2,"eNeuron",2315
"X1772071041_A06","X1772071041_A06",2,"eNeuron",3136
"X1772060240_F12","X1772060240_F12",2,"eNeuron",2875
"X1772063065_D04","X1772063065_D04",2,"eNeuron",2052
"X1772062116_B11","X1772062116_B11",2,"eNeuron",1828
"X1772063078_A04","X1772063078_A04",2,"eNeuron",1915
"X1772063068_D03","X1772063068_D03",2,"eNeuron",3561
"X1772062128_D12","X1772062128_D12",2,"eNeuron",1871
"X1772063070_E01","X1772063070_E01",2,"eNeuron",4277
"X1772062116_G05","X1772062116_G05",2,"eNeuron",6854
"X1772063068_H12","X1772063068_H12",2,"eNeuron",2279
"X1772063070_B11","X1772063070_B11",2,"eNeuron",2772
"X1772071041_A05","X1772071041_A05",2,"eNeuron",6107
"X1772060240_H05","X1772060240_H05",2,"eNeuron",5193
"X1772063065_F04","X1772063065_F04",2,"eNeuron",4484
"X1772063065_G10","X1772063065_G10",2,"eNeuron",3242
"X1772067074_D10","X1772067074_D10",2,"eNeuron",3576
"X1772071040_B12","X1772071040_B12",2,"eNeuron",6081
"X1772063065_D12","X1772063065_D12",2,"eNeuron",2869
"X1772063065_B02","X1772063065_B02",2,"eNeuron",3009
"X1772067074_F10","X1772067074_F10",2,"eNeuron",5778
"X1772060224_H02","X1772060224_H02",2,"eNeuron",4705
"X1772063068_E06","X1772063068_E06",2,"eNeuron",2440
"X1772071041_B01","X1772071041_B01",2,"eNeuron",3153
"X1772060226_F11","X1772060226_F11",2,"eNeuron",3661
"X1772067069_C08","X1772067069_C08",2,"eNeuron",10465
"X1772063065_C08","X1772063065_C08",2,"eNeuron",3337
"X1772062116_A06","X1772062116_A06",2,"eNeuron",5983
"X1772063061_A05","X1772063061_A05",2,"eNeuron",4352
"X1772063068_F02","X1772063068_F02",2,"eNeuron",2573
"X1772060240_D06","X1772060240_D06",2,"eNeuron",4645
"X1772063063_D11","X1772063063_D11",2,"eNeuron",7333
"X1772062115_C11","X1772062115_C11",2,"eNeuron",6509
"X1772071041_C10","X1772071041_C10",2,"eNeuron",4688
"X1772060225_C12","X1772060225_C12",2,"eNeuron",2956
"X1772063068_G11","X1772063068_G11",2,"eNeuron",2797
"X1772067069_C05","X1772067069_C05",2,"eNeuron",4648
"X1772063065_C09","X1772063065_C09",2,"eNeuron",2502
"X1772063065_E02","X1772063065_E02",2,"eNeuron",2543
"X1772063068_G10","X1772063068_G10",2,"eNeuron",1731
"X1772067073_B04","X1772067073_B04",2,"eNeuron",4904
"X1772067074_D08","X1772067074_D08",2,"eNeuron",3944
"X1772071040_H01","X1772071040_H01",2,"eNeuron",3788
"X1772063062_F07","X1772063062_F07",2,"eNeuron",7599
"X1772062113_E01","X1772062113_E01",2,"eNeuron",3415
"X1772063071_E07","X1772063071_E07",2,"eNeuron",2752
"X1772063065_D02","X1772063065_D02",2,"eNeuron",2867
"X1772063071_C08","X1772063071_C08",2,"eNeuron",2342
"X1772063062_F05","X1772063062_F05",2,"eNeuron",2215
"X1772063068_A06","X1772063068_A06",2,"eNeuron",2253
"X1772066104_F10","X1772066104_F10",2,"eNeuron",2750
"X1772058177_G10","X1772058177_G10",2,"eNeuron",5448
"X1772063068_H01","X1772063068_H01",2,"eNeuron",2121
"X1772067073_F10","X1772067073_F10",2,"eNeuron",4947
"X1772063062_C04","X1772063062_C04",2,"eNeuron",4675
"X1772062109_A11","X1772062109_A11",2,"eNeuron",2677
"X1772063068_C10","X1772063068_C10",2,"eNeuron",2315
"X1772063068_G04","X1772063068_G04",2,"eNeuron",2026
"X1772063065_A03","X1772063065_A03",2,"eNeuron",2038
"X1772062128_A09","X1772062128_A09",2,"eNeuron",3360
"X1772063071_F08","X1772063071_F08",2,"eNeuron",2289
"X1772071015_D07","X1772071015_D07",2,"eNeuron",11599
"X1772071015_D08","X1772071015_D08",2,"eNeuron",15104
"X1772067064_A12","X1772067064_A12",2,"eNeuron",6594
"X1772067066_C03","X1772067066_C03",2,"eNeuron",6954
"X1772062109_F09","X1772062109_F09",2,"eNeuron",6832
"X1772060224_C03","X1772060224_C03",2,"eNeuron",2209
"X1772071040_H03","X1772071040_H03",2,"eNeuron",2381
"X1772063062_D03","X1772063062_D03",2,"eNeuron",3378
"X1772067064_A11","X1772067064_A11",2,"eNeuron",15031
"X1772067073_E06","X1772067073_E06",2,"eNeuron",12209
"X1772071040_F10","X1772071040_F10",2,"eNeuron",6353
"X1772071040_D11","X1772071040_D11",2,"eNeuron",5463
"X1772062116_B02","X1772062116_B02",2,"eNeuron",6053
"X1772071041_D08","X1772071041_D08",2,"eNeuron",6369
"X1772067064_G12","X1772067064_G12",2,"eNeuron",6951
"X1772062109_E09","X1772062109_E09",2,"eNeuron",9072
"X1772067074_A02","X1772067074_A02",2,"eNeuron",5819
"X1772067074_C04","X1772067074_C04",2,"eNeuron",6618
"X1772071040_F06","X1772071040_F06",2,"eNeuron",11237
"X1772067074_G06","X1772067074_G06",2,"eNeuron",10926
"X1772067063_B09","X1772067063_B09",2,"eNeuron",5532
"X1772071041_F02","X1772071041_F02",2,"eNeuron",6396
"X1772067073_B06","X1772067073_B06",2,"eNeuron",8479
"X1772067073_G04","X1772067073_G04",2,"eNeuron",10145
"X1772067070_B11","X1772067070_B11",2,"eNeuron",5599
"X1772062111_H10","X1772062111_H10",2,"eNeuron",4261
"X1772067063_A01","X1772067063_A01",2,"eNeuron",4845
"X1772071040_A11","X1772071040_A11",2,"eNeuron",7846
"X1772071041_E04","X1772071041_E04",2,"eNeuron",8780
"X1772062118_B11","X1772062118_B11",2,"eNeuron",3843
"X1772067070_G04","X1772067070_G04",2,"eNeuron",4471
"X1772071040_E02","X1772071040_E02",2,"eNeuron",8570
"X1772071041_D11","X1772071041_D11",2,"eNeuron",5241
"X1772071040_B06","X1772071040_B06",2,"eNeuron",7345
"X1772067070_H11","X1772067070_H11",2,"eNeuron",4485
"X1772063071_C01","X1772063071_C01",2,"eNeuron",2397
"X1772062111_B01","X1772062111_B01",2,"eNeuron",3326
"X1772063068_C01","X1772063068_C01",2,"eNeuron",3124
"X1772060240_B10","X1772060240_B10",2,"eNeuron",2535
"X1772060240_B01","X1772060240_B01",2,"eNeuron",1854
"X1772060225_E01","X1772060225_E01",2,"eNeuron",1983
"X1772063077_C12","X1772063077_C12",2,"eNeuron",2776
"X1772063065_F01","X1772063065_F01",2,"eNeuron",2142
"X1772062115_D01","X1772062115_D01",2,"eNeuron",2023
"X1772062118_A01","X1772062118_A01",2,"eNeuron",2400
"X1772063065_A01","X1772063065_A01",2,"eNeuron",2986
"X1772067070_D10","X1772067070_D10",2,"eNeuron",2933
"X1772071040_A01","X1772071040_A01",2,"eNeuron",3579
"X1772063068_B10","X1772063068_B10",2,"eNeuron",1562
"X1772067066_G02","X1772067066_G02",2,"eNeuron",4150
"X1772063077_G04","X1772063077_G04",2,"eNeuron",3264
"X1772063071_E01","X1772063071_E01",2,"eNeuron",3420
"X1772067070_D05","X1772067070_D05",2,"eNeuron",2294
"X1772062111_H11","X1772062111_H11",2,"eNeuron",4195
"X1772071041_B12","X1772071041_B12",2,"eNeuron",6507
"X1772063077_E05","X1772063077_E05",2,"eNeuron",2890
"X1772067073_F02","X1772067073_F02",2,"eNeuron",4246
"X1772062111_A09","X1772062111_A09",2,"eNeuron",2935
"X1772063061_A10","X1772063061_A10",2,"eNeuron",2621
"X1772062128_C12","X1772062128_C12",2,"eNeuron",4039
"X1772063061_A03","X1772063061_A03",2,"eNeuron",3930
"X1772063074_E06","X1772063074_E06",2,"eNeuron",5880
"X1772063064_H01","X1772063064_H01",2,"eNeuron",3974
"X1772071014_C08","X1772071014_C08",2,"eNeuron",11547
"X1772067064_H05","X1772067064_H05",2,"eNeuron",17242
"X1772063068_A12","X1772063068_A12",2,"eNeuron",4404
"X1772062109_H06","X1772062109_H06",2,"eNeuron",8141
"X1772062109_D03","X1772062109_D03",2,"eNeuron",7840
"X1772067065_G07","X1772067065_G07",2,"eNeuron",13450
"X1772062128_D01","X1772062128_D01",2,"eNeuron",4673
"X1772071014_H02","X1772071014_H02",2,"eNeuron",14091
"X1772063061_H04","X1772063061_H04",2,"eNeuron",3855
"X1772062115_C09","X1772062115_C09",2,"eNeuron",5829
"X1772063078_E02","X1772063078_E02",2,"eNeuron",6188
"X1772063061_H12","X1772063061_H12",2,"eNeuron",9603
"X1772063061_E05","X1772063061_E05",2,"eNeuron",8294
"X1772058177_G03","X1772058177_G03",2,"eNeuron",9207
"X1772063068_E07","X1772063068_E07",2,"eNeuron",4689
"X1772063061_C11","X1772063061_C11",2,"eNeuron",4122
"X1772063061_D11","X1772063061_D11",2,"eNeuron",6093
"X1772063061_E06","X1772063061_E06",2,"eNeuron",4908
"X1772063071_A03","X1772063071_A03",2,"eNeuron",5753
"X1772058171_C07","X1772058171_C07",2,"eNeuron",4660
"X1772063061_G12","X1772063061_G12",2,"eNeuron",4477
"X1772062128_H06","X1772062128_H06",2,"eNeuron",3566
"X1772062115_C08","X1772062115_C08",2,"eNeuron",7693
"X1772063061_C02","X1772063061_C02",2,"eNeuron",9768
"X1772063061_C06","X1772063061_C06",2,"eNeuron",6043
"X1772063061_H01","X1772063061_H01",2,"eNeuron",6302
"X1772063061_B06","X1772063061_B06",2,"eNeuron",3695
"X1772063071_E12","X1772063071_E12",2,"eNeuron",5874
"X1772058177_C10","X1772058177_C10",2,"eNeuron",4898
"X1772058177_H05","X1772058177_H05",2,"eNeuron",4197
"X1772063061_F06","X1772063061_F06",2,"eNeuron",6233
"X1772058177_H07","X1772058177_H07",2,"eNeuron",2958
"X1772058171_E01","X1772058171_E01",2,"eNeuron",5624
"X1772063061_A02","X1772063061_A02",2,"eNeuron",4941
"X1772063061_B01","X1772063061_B01",2,"eNeuron",4686
"X1772063068_F09","X1772063068_F09",2,"eNeuron",3656
"X1772063064_C02","X1772063064_C02",2,"eNeuron",4789
"X1772063061_G01","X1772063061_G01",2,"eNeuron",3239
"X1772063068_B04","X1772063068_B04",2,"eNeuron",3697
"X1772063077_C06","X1772063077_C06",2,"eNeuron",4222
"X1772063061_H08","X1772063061_H08",2,"eNeuron",4615
"X1772062128_E06","X1772062128_E06",2,"eNeuron",3503
"X1772063063_E11","X1772063063_E11",2,"eNeuron",4355
"X1772063070_F01","X1772063070_F01",2,"eNeuron",7498
"X1772063078_F03","X1772063078_F03",2,"eNeuron",4795
"X1772062115_D06","X1772062115_D06",2,"eNeuron",4980
"X1772063062_D12","X1772063062_D12",2,"eNeuron",6512
"X1772062113_D06","X1772062113_D06",2,"eNeuron",6786
"X1772063062_D06","X1772063062_D06",2,"eNeuron",5889
"X1772062114_F10","X1772062114_F10",2,"eNeuron",6327
"X1772063078_C04","X1772063078_C04",2,"eNeuron",3034
"X1772063068_C12","X1772063068_C12",2,"eNeuron",4036
"X1772062109_G11","X1772062109_G11",2,"eNeuron",9363
"X1772062115_E09","X1772062115_E09",2,"eNeuron",6019
"X1772063062_A03","X1772063062_A03",2,"eNeuron",3429
"X1772062114_G07","X1772062114_G07",2,"eNeuron",4938
"X1772062113_G03","X1772062113_G03",2,"eNeuron",7306
"X1772067063_H06","X1772067063_H06",2,"eNeuron",8313
"X1772062114_A02","X1772062114_A02",2,"eNeuron",7279
"X1772062109_D07","X1772062109_D07",2,"eNeuron",6015
"X1772062113_E03","X1772062113_E03",2,"eNeuron",7408
"X1772067073_H12","X1772067073_H12",2,"eNeuron",7581
"X1772062111_H03","X1772062111_H03",2,"eNeuron",3913
"X1772067073_D11","X1772067073_D11",2,"eNeuron",6566
"X1772063071_D09","X1772063071_D09",2,"eNeuron",3128
"X1772063071_E09","X1772063071_E09",2,"eNeuron",4102
"X1772062113_D03","X1772062113_D03",2,"eNeuron",4723
"X1772063070_D11","X1772063070_D11",2,"eNeuron",6856
"X1772067074_D06","X1772067074_D06",2,"eNeuron",6515
"X1772063063_A07","X1772063063_A07",2,"eNeuron",5927
"X1772062111_C10","X1772062111_C10",2,"eNeuron",3452
"X1772071041_E08","X1772071041_E08",2,"eNeuron",7831
"X1772063065_D09","X1772063065_D09",2,"eNeuron",4407
"X1772062111_E07","X1772062111_E07",2,"eNeuron",4206
"X1772067070_F11","X1772067070_F11",2,"eNeuron",4896
"X1772063063_H04","X1772063063_H04",2,"eNeuron",6420
"X1772067073_D12","X1772067073_D12",2,"eNeuron",6647
"X1772071040_G12","X1772071040_G12",2,"eNeuron",7567
"X1772062115_E10","X1772062115_E10",2,"eNeuron",4108
"X1772063068_E12","X1772063068_E12",2,"eNeuron",4024
"X1772060225_E04","X1772060225_E04",2,"eNeuron",2039
"X1772063068_G01","X1772063068_G01",2,"eNeuron",3355
"X1772063065_B10","X1772063065_B10",2,"eNeuron",2325
"X1772063065_H05","X1772063065_H05",2,"eNeuron",1554
"X1772060224_F11","X1772060224_F11",2,"eNeuron",4698
"X1772062113_A04","X1772062113_A04",2,"eNeuron",3570
"X1772071040_H08","X1772071040_H08",2,"eNeuron",4003
"X1772063074_C06","X1772063074_C06",2,"eNeuron",2636
"X1772063065_A08","X1772063065_A08",2,"eNeuron",2203
"X1772063071_B03","X1772063071_B03",2,"eNeuron",2396
"X1772063071_E05","X1772063071_E05",2,"eNeuron",2972
"X1772062113_B05","X1772062113_B05",2,"eNeuron",2294
"X1772063078_E04","X1772063078_E04",2,"eNeuron",1871
"X1772063068_C02","X1772063068_C02",2,"eNeuron",2564
"X1772063068_E08","X1772063068_E08",2,"eNeuron",3460
"X1772063068_C05","X1772063068_C05",2,"eNeuron",2563
"X1772063070_D09","X1772063070_D09",2,"eNeuron",5987
"X1772063077_B04","X1772063077_B04",2,"eNeuron",6581
"X1772062114_B06","X1772062114_B06",2,"eNeuron",3640
"X1772063065_B05","X1772063065_B05",2,"eNeuron",2932
"X1772063078_D10","X1772063078_D10",2,"eNeuron",3420
"X1772063078_E06","X1772063078_E06",2,"eNeuron",3020
"X1772063078_G09","X1772063078_G09",2,"eNeuron",3396
"X1772063070_F09","X1772063070_F09",2,"eNeuron",6630
"X1772063068_B07","X1772063068_B07",2,"eNeuron",3439
"X1772063068_A07","X1772063068_A07",2,"eNeuron",2089
"X1772062114_G09","X1772062114_G09",2,"eNeuron",3678
"X1772060224_C05","X1772060224_C05",2,"eNeuron",4316
"X1772063078_C10","X1772063078_C10",2,"eNeuron",2671
"X1772062128_F12","X1772062128_F12",2,"eNeuron",2989
"X1772060240_F09","X1772060240_F09",2,"eNeuron",3545
"X1772062128_A11","X1772062128_A11",2,"eNeuron",3709
"X1772060240_E07","X1772060240_E07",2,"eNeuron",5193
"X1772060240_E09","X1772060240_E09",2,"eNeuron",3167
"X1772060240_D04","X1772060240_D04",2,"eNeuron",3139
"X1772063068_D02","X1772063068_D02",2,"eNeuron",5375
"X1772063063_A02","X1772063063_A02",2,"eNeuron",4067
"X1772063068_E03","X1772063068_E03",2,"eNeuron",3424
"X1772060240_A02","X1772060240_A02",2,"eNeuron",4148
"X1772060240_C06","X1772060240_C06",2,"eNeuron",4211
"X1772060240_B09","X1772060240_B09",2,"eNeuron",3646
"X1772060240_A05","X1772060240_A05",2,"eNeuron",5477
"X1772060240_G02","X1772060240_G02",2,"eNeuron",4691
"X1772063065_A06","X1772063065_A06",2,"eNeuron",3494
"X1772063077_B02","X1772063077_B02",2,"eNeuron",3758
"X1772063068_E02","X1772063068_E02",2,"eNeuron",3768
"X1772063068_C11","X1772063068_C11",2,"eNeuron",3800
"X1772063068_C06","X1772063068_C06",2,"eNeuron",5374
"X1772063077_A07","X1772063077_A07",2,"eNeuron",6696
"X1772067069_B11","X1772067069_B11",2,"eNeuron",3469
"X1772071040_C06","X1772071040_C06",2,"eNeuron",7812
"X1772071040_D07","X1772071040_D07",2,"eNeuron",5504
"X1772062116_E12","X1772062116_E12",2,"eNeuron",7918
"X1772067070_D03","X1772067070_D03",2,"eNeuron",3140
"X1772062111_B08","X1772062111_B08",2,"eNeuron",4107
"X1772071040_H11","X1772071040_H11",2,"eNeuron",6057
"X1772067070_C07","X1772067070_C07",2,"eNeuron",8811
"X1772071017_A02","X1772071017_A02",2,"eNeuron",8077
"X1772062109_C04","X1772062109_C04",2,"eNeuron",8267
"X1772071017_G07","X1772071017_G07",2,"eNeuron",9129
"X1772067074_A09","X1772067074_A09",2,"eNeuron",11476
"X1772071041_C06","X1772071041_C06",2,"eNeuron",8485
"X1772067070_D09","X1772067070_D09",2,"eNeuron",3727
"X1772067063_C06","X1772067063_C06",2,"eNeuron",8079
"X1772063063_D03","X1772063063_D03",2,"eNeuron",6250
"X1772071041_B09","X1772071041_B09",2,"eNeuron",3127
"X1772067066_D09","X1772067066_D09",2,"eNeuron",6352
"X1772071017_E11","X1772071017_E11",2,"eNeuron",4476
"X1772071017_B07","X1772071017_B07",2,"eNeuron",7287
"X1772060225_G12","X1772060225_G12",2,"eNeuron",3674
"X1772071041_A09","X1772071041_A09",2,"eNeuron",3515
"X1772067069_D09","X1772067069_D09",2,"eNeuron",9310
"X1772062116_F11","X1772062116_F11",2,"eNeuron",6169
"X1772066104_H07","X1772066104_H07",2,"eNeuron",7155
"X1772066104_H05","X1772066104_H05",2,"eNeuron",2782
"X1772066104_G09","X1772066104_G09",2,"eNeuron",2134
"X1772066104_A04","X1772066104_A04",2,"eNeuron",2732
"X1772066104_A01","X1772066104_A01",2,"eNeuron",1908
"X1772067064_G07","X1772067064_G07",3,"Olig",6346
"X1772067070_D08","X1772067070_D08",3,"Olig",2016
"X1772058177_D03","X1772058177_D03",3,"Olig",8979
"X1772067074_C07","X1772067074_C07",3,"Olig",15989
"X1772063070_G03","X1772063070_G03",3,"Olig",7785
"X1772058177_D09","X1772058177_D09",3,"Olig",8474
"X1772063063_C07","X1772063063_C07",3,"Olig",6312
"X1772062114_G10","X1772062114_G10",3,"Olig",9442
"X1772063061_G05","X1772063061_G05",3,"Olig",4285
"X1772058171_C02","X1772058171_C02",3,"Olig",6107
"X1772067063_D03","X1772067063_D03",3,"Olig",5369
"X1772062111_F07","X1772062111_F07",3,"Olig",5110
"X1772067070_A05","X1772067070_A05",3,"Olig",1954
"X1772062111_H05","X1772062111_H05",3,"Olig",3217
"X1772062114_A12","X1772062114_A12",3,"Olig",4953
"X1772060226_F05","X1772060226_F05",3,"Olig",2259
"X1772062115_A09","X1772062115_A09",3,"Olig",3369
"X1772062109_A05","X1772062109_A05",3,"Olig",4203
"X1772062116_B05","X1772062116_B05",3,"Olig",4256
"X1772060240_A10","X1772060240_A10",3,"Olig",1963
"X1772062115_D07","X1772062115_D07",3,"Olig",4081
"X1772063063_F08","X1772063063_F08",3,"Olig",3006
"X1772060224_G07","X1772060224_G07",3,"Olig",3767
"X1772060224_B04","X1772060224_B04",3,"Olig",2056
"X1772062115_C01","X1772062115_C01",3,"Olig",2893
"X1772060225_A11","X1772060225_A11",3,"Olig",1071
"X1772063078_B09","X1772063078_B09",3,"Olig",2541
"X1772063062_E07","X1772063062_E07",3,"Olig",2701
"X1772062115_G09","X1772062115_G09",3,"Olig",1388
"X1772063078_A11","X1772063078_A11",3,"Olig",1518
"X1772060225_A05","X1772060225_A05",3,"Olig",2875
"X1772062115_F08","X1772062115_F08",3,"Olig",2240
"X1772062128_B02","X1772062128_B02",3,"Olig",4029
"X1772058177_E11","X1772058177_E11",3,"Olig",3973
"X1772063061_A09","X1772063061_A09",3,"Olig",4278
"X1772058177_A06","X1772058177_A06",3,"Olig",9245
"X1772058171_F09","X1772058171_F09",3,"Olig",6188
"X1772058171_B01","X1772058171_B01",3,"Olig",9074
"X1772058177_E10","X1772058177_E10",3,"Olig",5681
"X1772058171_H07","X1772058171_H07",3,"Olig",12301
"X1772067073_B03","X1772067073_B03",3,"Olig",5323
"X1772067069_H05","X1772067069_H05",3,"Olig",9216
"X1772063063_E07","X1772063063_E07",3,"Olig",7738
"X1772067069_B03","X1772067069_B03",3,"Olig",4471
"X1772067074_E07","X1772067074_E07",3,"Olig",12768
"X1772067069_F06","X1772067069_F06",3,"Olig",11151
"X1772060240_C09","X1772060240_C09",3,"Olig",5098
"X1772063063_F03","X1772063063_F03",3,"Olig",6977
"X1772063063_B04","X1772063063_B04",3,"Olig",4397
"X1772063061_A11","X1772063061_A11",3,"Olig",6471
"X1772063063_C02","X1772063063_C02",3,"Olig",2607
"X1772060240_F11","X1772060240_F11",3,"Olig",2154
"X1772063063_F05","X1772063063_F05",3,"Olig",3146
"X1772060225_F06","X1772060225_F06",3,"Olig",3496
"X1772063063_F10","X1772063063_F10",3,"Olig",6835
"X1772060225_E07","X1772060225_E07",3,"Olig",3254
"X1772060225_D10","X1772060225_D10",3,"Olig",2636
"X1772060225_B07","X1772060225_B07",3,"Olig",2490
"X1772063063_E10","X1772063063_E10",3,"Olig",1514
"X1772060226_G12","X1772060226_G12",3,"Olig",2425
"X1772060226_F10","X1772060226_F10",3,"Olig",1803
"X1772062109_B08","X1772062109_B08",3,"Olig",808
"X1772063079_C10","X1772063079_C10",3,"Olig",1913
"X1772060225_H11","X1772060225_H11",3,"Olig",2115
"X1772062111_F10","X1772062111_F10",3,"Olig",3359
"X1772062111_F05","X1772062111_F05",3,"Olig",2370
"X1772058177_D02","X1772058177_D02",3,"Olig",5566
"X1772062128_F06","X1772062128_F06",3,"Olig",2599
"X1772062111_F11","X1772062111_F11",3,"Olig",3336
"X1772062111_F06","X1772062111_F06",3,"Olig",4368
"X1772062109_C06","X1772062109_C06",3,"Olig",3971
"X1772062113_G05","X1772062113_G05",3,"Olig",3568
"X1772062111_C08","X1772062111_C08",3,"Olig",3942
"X1772062109_A03","X1772062109_A03",3,"Olig",3477
"X1772062111_C01","X1772062111_C01",3,"Olig",3959
"X1772062111_E06","X1772062111_E06",3,"Olig",3471
"X1772062109_H10","X1772062109_H10",3,"Olig",3134
"X1772063077_C03","X1772063077_C03",3,"Olig",4486
"X1772062116_A12","X1772062116_A12",3,"Olig",4933
"X1772062109_E07","X1772062109_E07",3,"Olig",5384
"X1772062128_B11","X1772062128_B11",3,"Olig",3121
"X1772062116_H06","X1772062116_H06",3,"Olig",7297
"X1772062113_D10","X1772062113_D10",3,"Olig",3764
"X1772062109_G03","X1772062109_G03",3,"Olig",5909
"X1772062114_B01","X1772062114_B01",3,"Olig",4417
"X1772062113_H02","X1772062113_H02",3,"Olig",6958
"X1772063074_C02","X1772063074_C02",3,"Olig",3619
"X1772062118_E08","X1772062118_E08",3,"Olig",4020
"X1772063077_B07","X1772063077_B07",3,"Olig",6496
"X1772062114_B10","X1772062114_B10",3,"Olig",3506
"X1772062113_B09","X1772062113_B09",3,"Olig",5934
"X1772062113_D01","X1772062113_D01",3,"Olig",6918
"X1772062109_E08","X1772062109_E08",3,"Olig",4592
"X1772062113_D08","X1772062113_D08",3,"Olig",4499
"X1772062113_G12","X1772062113_G12",3,"Olig",6321
"X1772062115_H08","X1772062115_H08",3,"Olig",4121
"X1772062116_F01","X1772062116_F01",3,"Olig",8969
"X1772062115_C03","X1772062115_C03",3,"Olig",3990
"X1772062115_G07","X1772062115_G07",3,"Olig",3668
"X1772062118_G05","X1772062118_G05",3,"Olig",3092
"X1772071041_E05","X1772071041_E05",3,"Olig",2102
"X1772063061_H11","X1772063061_H11",3,"Olig",2723
"X1772067065_G08","X1772067065_G08",3,"Olig",2212
"X1772071040_D02","X1772071040_D02",3,"Olig",4244
"X1772071041_G10","X1772071041_G10",3,"Olig",3915
"X1772067066_C04","X1772067066_C04",3,"Olig",3376
"X1772071041_F05","X1772071041_F05",3,"Olig",2441
"X1772063070_E07","X1772063070_E07",3,"Olig",8573
"X1772063070_H07","X1772063070_H07",3,"Olig",4167
"X1772071041_F06","X1772071041_F06",3,"Olig",7664
"X1772067066_B04","X1772067066_B04",3,"Olig",6501
"X1772067074_F09","X1772067074_F09",3,"Olig",7028
"X1772071040_C12","X1772071040_C12",3,"Olig",5160
"X1772071040_C10","X1772071040_C10",3,"Olig",3868
"X1772058148_G09","X1772058148_G09",3,"Olig",3541
"X1772067066_H05","X1772067066_H05",3,"Olig",1947
"X1772067064_G04","X1772067064_G04",3,"Olig",3580
"X1772067064_H01","X1772067064_H01",3,"Olig",4929
"X1772067073_D10","X1772067073_D10",3,"Olig",2636
"X1772067073_F06","X1772067073_F06",3,"Olig",3867
"X1772071041_D10","X1772071041_D10",3,"Olig",7403
"X1772058148_F07","X1772058148_F07",3,"Olig",4963
"X1772067069_D04","X1772067069_D04",3,"Olig",8836
"X1772058148_A01","X1772058148_A01",3,"Olig",2510
"X1772058148_G08","X1772058148_G08",3,"Olig",3190
"X1772067064_B10","X1772067064_B10",3,"Olig",3854
"X1772063070_G01","X1772063070_G01",3,"Olig",4186
"X1772067070_H09","X1772067070_H09",3,"Olig",2447
"X1772058148_G11","X1772058148_G11",3,"Olig",2658
"X1772067066_E12","X1772067066_E12",3,"Olig",2542
"X1772067064_D10","X1772067064_D10",3,"Olig",5169
"X1772067063_B07","X1772067063_B07",3,"Olig",3868
"X1772062118_D03","X1772062118_D03",3,"Olig",2490
"X1772067074_F05","X1772067074_F05",3,"Olig",3324
"X1772071040_C04","X1772071040_C04",3,"Olig",3596
"X1772063070_C06","X1772063070_C06",3,"Olig",3093
"X1772058148_A03","X1772058148_A03",3,"Olig",2646
"X1772058148_B08","X1772058148_B08",3,"Olig",4906
"X1772058148_D07","X1772058148_D07",3,"Olig",3519
"X1772067073_C02","X1772067073_C02",3,"Olig",3197
"X1772067073_G10","X1772067073_G10",3,"Olig",3510
"X1772062116_C06","X1772062116_C06",3,"Olig",2530
"X1772062116_A02","X1772062116_A02",3,"Olig",2265
"X1772062116_G03","X1772062116_G03",3,"Olig",2374
"X1772062118_D02","X1772062118_D02",3,"Olig",2449
"X1772067073_E11","X1772067073_E11",3,"Olig",2407
"X1772063062_B03","X1772063062_B03",3,"Olig",4898
"X1772071040_A06","X1772071040_A06",3,"Olig",6535
"X1772058148_F02","X1772058148_F02",3,"Olig",4205
"X1772058148_A10","X1772058148_A10",3,"Olig",3055
"X1772067074_D12","X1772067074_D12",3,"Olig",1975
"X1772062116_F05","X1772062116_F05",3,"Olig",3256
"X1772067074_E11","X1772067074_E11",3,"Olig",4039
"X1772067064_B06","X1772067064_B06",3,"Olig",1784
"X1772067073_D01","X1772067073_D01",3,"Olig",2227
"X1772067069_A09","X1772067069_A09",3,"Olig",2131
"X1772071041_D06","X1772071041_D06",3,"Olig",4324
"X1772071040_H06","X1772071040_H06",3,"Olig",3365
"X1772071040_H10","X1772071040_H10",3,"Olig",3462
"X1772062111_B11","X1772062111_B11",3,"Olig",2071
"X1772067064_C08","X1772067064_C08",3,"Olig",6340
"X1772067069_A02","X1772067069_A02",3,"Olig",4399
"X1772060240_H04","X1772060240_H04",3,"Olig",3332
"X1772062116_B06","X1772062116_B06",3,"Olig",3431
"X1772063063_H07","X1772063063_H07",3,"Olig",4886
"X1772067074_A11","X1772067074_A11",3,"Olig",8652
"X1772062111_B02","X1772062111_B02",3,"Olig",2664
"X1772067074_F04","X1772067074_F04",3,"Olig",6864
"X1772063063_D08","X1772063063_D08",3,"Olig",4576
"X1772071040_G11","X1772071040_G11",3,"Olig",4428
"X1772063063_G10","X1772063063_G10",3,"Olig",5936
"X1772071040_D04","X1772071040_D04",3,"Olig",4277
"X1772062118_C04","X1772062118_C04",3,"Olig",2538
"X1772062109_C12","X1772062109_C12",3,"Olig",3374
"X1772062109_H04","X1772062109_H04",3,"Olig",2780
"X1772071040_G05","X1772071040_G05",3,"Olig",4172
"X1772060240_F06","X1772060240_F06",3,"Olig",3145
"X1772071040_C11","X1772071040_C11",3,"Olig",7107
"X1772067064_C10","X1772067064_C10",3,"Olig",4513
"X1772063070_G06","X1772063070_G06",3,"Olig",5488
"X1772062128_H02","X1772062128_H02",3,"Olig",3274
"X1772062128_D03","X1772062128_D03",3,"Olig",3638
"X1772063061_B12","X1772063061_B12",3,"Olig",3028
"X1772058148_C02","X1772058148_C02",3,"Olig",3477
"X1772062116_C11","X1772062116_C11",3,"Olig",4176
"X1772063061_F04","X1772063061_F04",3,"Olig",2633
"X1772060225_D12","X1772060225_D12",3,"Olig",3101
"X1772058177_C06","X1772058177_C06",3,"Olig",4748
"X1772060240_B12","X1772060240_B12",3,"Olig",3876
"X1772062113_B06","X1772062113_B06",3,"Olig",6383
"X1772062114_H12","X1772062114_H12",3,"Olig",2679
"X1772063062_A06","X1772063062_A06",3,"Olig",4348
"X1772062109_G05","X1772062109_G05",3,"Olig",2846
"X1772063079_C12","X1772063079_C12",3,"Olig",3948
"X1772062116_G06","X1772062116_G06",3,"Olig",4557
"X1772062113_G01","X1772062113_G01",3,"Olig",5681
"X1772062113_F02","X1772062113_F02",3,"Olig",7403
"X1772062113_B01","X1772062113_B01",3,"Olig",6264
"X1772062111_C09","X1772062111_C09",3,"Olig",2679
"X1772062111_G02","X1772062111_G02",3,"Olig",4047
"X1772060224_A07","X1772060224_A07",3,"Olig",4469
"X1772062113_F07","X1772062113_F07",3,"Olig",5487
"X1772062114_F03","X1772062114_F03",3,"Olig",5615
"X1772062111_D11","X1772062111_D11",3,"Olig",4113
"X1772058171_F05","X1772058171_F05",3,"Olig",2862
"X1772062111_E03","X1772062111_E03",3,"Olig",2670
"X1772062113_A05","X1772062113_A05",3,"Olig",6209
"X1772060224_C04","X1772060224_C04",3,"Olig",5258
"X1772058171_G08","X1772058171_G08",3,"Olig",3504
"X1772062113_B04","X1772062113_B04",3,"Olig",6046
"X1772062113_D09","X1772062113_D09",3,"Olig",4369
"X1772062109_C07","X1772062109_C07",3,"Olig",3648
"X1772062109_F01","X1772062109_F01",3,"Olig",5125
"X1772062113_G11","X1772062113_G11",3,"Olig",5902
"X1772062114_A03","X1772062114_A03",3,"Olig",4071
"X1772058177_A02","X1772058177_A02",3,"Olig",4875
"X1772058171_C03","X1772058171_C03",3,"Olig",4417
"X1772062109_A07","X1772062109_A07",3,"Olig",3967
"X1772063061_A07","X1772063061_A07",3,"Olig",4029
"X1772062111_G01","X1772062111_G01",3,"Olig",2658
"X1772058171_C12","X1772058171_C12",3,"Olig",2985
"X1772058171_D10","X1772058171_D10",3,"Olig",3918
"X1772062109_B01","X1772062109_B01",3,"Olig",3821
"X1772063079_F07","X1772063079_F07",3,"Olig",5379
"X1772058171_H02","X1772058171_H02",3,"Olig",10013
"X1772062128_H11","X1772062128_H11",3,"Olig",2337
"X1772062111_D05","X1772062111_D05",3,"Olig",2402
"X1772062113_C03","X1772062113_C03",3,"Olig",5078
"X1772062116_B12","X1772062116_B12",3,"Olig",4326
"X1772062118_F02","X1772062118_F02",3,"Olig",3891
"X1772062114_C07","X1772062114_C07",3,"Olig",2768
"X1772062118_F08","X1772062118_F08",3,"Olig",2158
"X1772062114_B03","X1772062114_B03",3,"Olig",3490
"X1772058171_D06","X1772058171_D06",3,"Olig",6052
"X1772063062_C10","X1772063062_C10",3,"Olig",2332
"X1772058171_C09","X1772058171_C09",3,"Olig",3288
"X1772063062_C07","X1772063062_C07",3,"Olig",4707
"X1772062116_E08","X1772062116_E08",3,"Olig",3313
"X1772062116_E07","X1772062116_E07",3,"Olig",5328
"X1772062113_B03","X1772062113_B03",3,"Olig",3777
"X1772062116_A09","X1772062116_A09",3,"Olig",3534
"X1772062114_E11","X1772062114_E11",3,"Olig",2511
"X1772062128_H05","X1772062128_H05",3,"Olig",3312
"X1772058148_A06","X1772058148_A06",3,"Olig",3314
"X1772062111_G11","X1772062111_G11",3,"Olig",2419
"X1772062113_A01","X1772062113_A01",3,"Olig",4143
"X1772060224_G06","X1772060224_G06",3,"Olig",4589
"X1772062109_A12","X1772062109_A12",3,"Olig",4049
"X1772062115_B06","X1772062115_B06",3,"Olig",2342
"X1772071040_D12","X1772071040_D12",3,"Olig",3208
"X1772058171_F06","X1772058171_F06",3,"Olig",4665
"X1772063063_D06","X1772063063_D06",3,"Olig",6460
"X1772062116_D04","X1772062116_D04",3,"Olig",3355
"X1772063064_D06","X1772063064_D06",3,"Olig",3350
"X1772063074_G12","X1772063074_G12",3,"Olig",2925
"X1772062113_A02","X1772062113_A02",3,"Olig",4644
"X1772058148_A04","X1772058148_A04",3,"Olig",3782
"X1772062113_A12","X1772062113_A12",3,"Olig",4689
"X1772063062_H08","X1772063062_H08",3,"Olig",3064
"X1772063063_B06","X1772063063_B06",3,"Olig",4414
"X1772062113_F03","X1772062113_F03",3,"Olig",7822
"X1772062109_C03","X1772062109_C03",3,"Olig",2734
"X1772062116_F04","X1772062116_F04",3,"Olig",4134
"X1772063062_G01","X1772063062_G01",3,"Olig",2805
"X1772062116_E02","X1772062116_E02",3,"Olig",2750
"X1772063062_C01","X1772063062_C01",3,"Olig",2745
"X1772063074_H11","X1772063074_H11",3,"Olig",2956
"X1772063079_D07","X1772063079_D07",3,"Olig",2674
"X1772071040_G04","X1772071040_G04",3,"Olig",5075
"X1772063063_A01","X1772063063_A01",3,"Olig",5741
"X1772063063_A12","X1772063063_A12",3,"Olig",6085
"X1772071014_D12","X1772071014_D12",3,"Olig",3176
"X1772062109_A09","X1772062109_A09",3,"Olig",2389
"X1772067069_G04","X1772067069_G04",3,"Olig",4846
"X1772062111_E11","X1772062111_E11",3,"Olig",3256
"X1772063074_A11","X1772063074_A11",3,"Olig",2246
"X1772063062_G11","X1772063062_G11",3,"Olig",2565
"X1772062118_H04","X1772062118_H04",3,"Olig",2983
"X1772062109_F04","X1772062109_F04",3,"Olig",3094
"X1772060240_C04","X1772060240_C04",3,"Olig",5140
"X1772067074_F06","X1772067074_F06",3,"Olig",3202
"X1772063063_B10","X1772063063_B10",3,"Olig",3395
"X1772071041_A08","X1772071041_A08",3,"Olig",2862
"X1772063062_B04","X1772063062_B04",3,"Olig",2544
"X1772062114_E05","X1772062114_E05",3,"Olig",2551
"X1772063077_D02","X1772063077_D02",3,"Olig",2876
"X1772060240_G11","X1772060240_G11",3,"Olig",3358
"X1772063074_C12","X1772063074_C12",3,"Olig",1887
"X1772062118_H10","X1772062118_H10",3,"Olig",3193
"X1772060224_H04","X1772060224_H04",3,"Olig",2244
"X1772060240_F04","X1772060240_F04",3,"Olig",3326
"X1772063062_F12","X1772063062_F12",3,"Olig",3192
"X1772062115_D05","X1772062115_D05",3,"Olig",1512
"X1772071040_D05","X1772071040_D05",3,"Olig",2325
"X1772063074_G07","X1772063074_G07",3,"Olig",3157
"X1772063063_G02","X1772063063_G02",3,"Olig",3227
"X1772063061_G08","X1772063061_G08",3,"Olig",2634
"X1772063061_D10","X1772063061_D10",3,"Olig",2114
"X1772062114_E06","X1772062114_E06",3,"Olig",2342
"X1772062111_E04","X1772062111_E04",3,"Olig",2178
"X1772060224_H05","X1772060224_H05",3,"Olig",2341
"X1772063062_D05","X1772063062_D05",3,"Olig",4190
"X1772063061_D01","X1772063061_D01",3,"Olig",2349
"X1772060240_F02","X1772060240_F02",3,"Olig",2045
"X1772062114_F05","X1772062114_F05",3,"Olig",1999
"X1772071041_A12","X1772071041_A12",3,"Olig",2310
"X1772062116_H05","X1772062116_H05",3,"Olig",2130
"X1772063062_G05","X1772063062_G05",3,"Olig",1977
"X1772063062_E08","X1772063062_E08",3,"Olig",1778
"X1772063062_E11","X1772063062_E11",3,"Olig",1660
"X1772062118_C01","X1772062118_C01",3,"Olig",1901
"X1772071040_A08","X1772071040_A08",3,"Olig",2321
"X1772062128_A01","X1772062128_A01",3,"Olig",1826
"X1772063078_H04","X1772063078_H04",3,"Olig",1869
"X1772063063_C10","X1772063063_C10",3,"Olig",4135
"X1772062113_G09","X1772062113_G09",3,"Olig",2575
"X1772062115_E01","X1772062115_E01",3,"Olig",1874
"X1772063074_F10","X1772063074_F10",3,"Olig",1460
"X1772063068_D10","X1772063068_D10",3,"Olig",1229
"X1772063062_E01","X1772063062_E01",3,"Olig",1992
"X1772063063_B11","X1772063063_B11",3,"Olig",1748
"X1772063062_A08","X1772063062_A08",3,"Olig",1232
"X1772060225_E02","X1772060225_E02",3,"Olig",1685
"X1772063061_F05","X1772063061_F05",3,"Olig",2194
"X1772071041_A10","X1772071041_A10",3,"Olig",2677
"X1772062118_A03","X1772062118_A03",3,"Olig",1422
"X1772063079_F04","X1772063079_F04",3,"Olig",1135
"X1772071041_B04","X1772071041_B04",3,"Olig",1723
"X1772062116_A11","X1772062116_A11",3,"Olig",1421
"X1772062118_B03","X1772062118_B03",3,"Olig",1968
"X1772063061_G11","X1772063061_G11",3,"Olig",1301
"X1772063061_D12","X1772063061_D12",3,"Olig",6233
"X1772063078_B01","X1772063078_B01",3,"Olig",2560
"X1772062113_B11","X1772062113_B11",3,"Olig",1901
"X1772062115_A04","X1772062115_A04",3,"Olig",2882
"X1772060225_G01","X1772060225_G01",3,"Olig",1929
"X1772063078_E11","X1772063078_E11",3,"Olig",1515
"X1772060225_C05","X1772060225_C05",3,"Olig",1197
"X1772062115_D04","X1772062115_D04",3,"Olig",1876
"X1772063078_B06","X1772063078_B06",3,"Olig",1739
"X1772062118_F10","X1772062118_F10",3,"Olig",1462
"X1772063068_G06","X1772063068_G06",3,"Olig",1796
"X1772063078_C07","X1772063078_C07",3,"Olig",2135
"X1772063078_B07","X1772063078_B07",3,"Olig",1733
"X1772062113_A08","X1772062113_A08",3,"Olig",1359
"X1772062115_C06","X1772062115_C06",3,"Olig",1623
"X1772060225_C11","X1772060225_C11",3,"Olig",1794
"X1772063077_E09","X1772063077_E09",3,"Olig",1458
"X1772063074_A04","X1772063074_A04",3,"Olig",2298
"X1772063074_G04","X1772063074_G04",3,"Olig",1618
"X1772062115_B10","X1772062115_B10",3,"Olig",2088
"X1772060225_G04","X1772060225_G04",3,"Olig",1272
"X1772060224_A11","X1772060224_A11",3,"Olig",1614
"X1772060224_B03","X1772060224_B03",3,"Olig",2312
"X1772060224_C10","X1772060224_C10",3,"Olig",1850
"X1772062115_C04","X1772062115_C04",3,"Olig",4096
"X1772062111_B04","X1772062111_B04",3,"Olig",3025
"X1772060225_C07","X1772060225_C07",3,"Olig",2108
"X1772062114_B09","X1772062114_B09",3,"Olig",2368
"X1772063062_F03","X1772063062_F03",3,"Olig",4164
"X1772063078_F05","X1772063078_F05",3,"Olig",3345
"X1772063078_C09","X1772063078_C09",3,"Olig",2964
"X1772060240_F10","X1772060240_F10",3,"Olig",1902
"X1772062116_E04","X1772062116_E04",3,"Olig",2845
"X1772063078_C08","X1772063078_C08",3,"Olig",2704
"X1772063078_F02","X1772063078_F02",3,"Olig",5986
"X1772063078_B11","X1772063078_B11",3,"Olig",2945
"X1772062115_A02","X1772062115_A02",3,"Olig",4331
"X1772060224_D03","X1772060224_D03",3,"Olig",2821
"X1772062111_A12","X1772062111_A12",3,"Olig",1655
"X1772063078_F11","X1772063078_F11",3,"Olig",2828
"X1772060240_G10","X1772060240_G10",3,"Olig",3056
"X1772062116_E01","X1772062116_E01",3,"Olig",2070
"X1772060225_G06","X1772060225_G06",3,"Olig",3676
"X1772060240_A12","X1772060240_A12",3,"Olig",2183
"X1772063079_C01","X1772063079_C01",3,"Olig",2675
"X1772060224_A06","X1772060224_A06",3,"Olig",2047
"X1772063061_H10","X1772063061_H10",3,"Olig",2105
"X1772062114_D06","X1772062114_D06",3,"Olig",2530
"X1772063061_C05","X1772063061_C05",3,"Olig",2069
"X1772060225_F12","X1772060225_F12",3,"Olig",2121
"X1772063061_E08","X1772063061_E08",3,"Olig",3080
"X1772062118_E02","X1772062118_E02",3,"Olig",2899
"X1772062114_H05","X1772062114_H05",3,"Olig",2868
"X1772063061_C03","X1772063061_C03",3,"Olig",3585
"X1772062114_H10","X1772062114_H10",3,"Olig",1858
"X1772062115_A06","X1772062115_A06",3,"Olig",1680
"X1772062114_B12","X1772062114_B12",3,"Olig",1860
"X1772063079_E08","X1772063079_E08",3,"Olig",2289
"X1772063061_B11","X1772063061_B11",3,"Olig",2044
"X1772063061_F11","X1772063061_F11",3,"Olig",5136
"X1772062114_A08","X1772062114_A08",3,"Olig",1509
"X1772063078_G08","X1772063078_G08",3,"Olig",2519
"X1772063074_A09","X1772063074_A09",3,"Olig",2078
"X1772060225_B12","X1772060225_B12",3,"Olig",1491
"X1772063079_A06","X1772063079_A06",3,"Olig",1889
"X1772063077_D09","X1772063077_D09",3,"Olig",2364
"X1772060224_A02","X1772060224_A02",3,"Olig",1350
"X1772062118_B05","X1772062118_B05",3,"Olig",1312
"X1772060225_F09","X1772060225_F09",3,"Olig",4063
"X1772063074_G10","X1772063074_G10",3,"Olig",1787
"X1772063079_A12","X1772063079_A12",3,"Olig",2365
"X1772063079_D01","X1772063079_D01",3,"Olig",2326
"X1772063074_F12","X1772063074_F12",3,"Olig",1503
"X1772067073_A08","X1772067073_A08",3,"Olig",1542
"X1772063077_C01","X1772063077_C01",3,"Olig",4250
"X1772060225_A12","X1772060225_A12",3,"Olig",1359
"X1772063079_F09","X1772063079_F09",3,"Olig",1855
"X1772063078_A03","X1772063078_A03",3,"Olig",1818
"X1772062114_H04","X1772062114_H04",3,"Olig",2748
"X1772062115_D03","X1772062115_D03",3,"Olig",1343
"X1772063064_E03","X1772063064_E03",3,"Olig",1973
"X1772063079_D08","X1772063079_D08",3,"Olig",1739
"X1772060224_E09","X1772060224_E09",3,"Olig",2182
"X1772063079_H03","X1772063079_H03",3,"Olig",3065
"X1772062111_H07","X1772062111_H07",3,"Olig",1743
"X1772060224_H11","X1772060224_H11",3,"Olig",4185
"X1772063074_H10","X1772063074_H10",3,"Olig",2346
"X1772063064_D09","X1772063064_D09",3,"Olig",3098
"X1772062116_F10","X1772062116_F10",3,"Olig",2567
"X1772063078_E03","X1772063078_E03",3,"Olig",1848
"X1772060224_B05","X1772060224_B05",3,"Olig",2721
"X1772060224_D01","X1772060224_D01",3,"Olig",1314
"X1772063079_D09","X1772063079_D09",3,"Olig",2441
"X1772063063_H08","X1772063063_H08",3,"Olig",3201
"X1772060225_G07","X1772060225_G07",3,"Olig",2464
"X1772060226_D12","X1772060226_D12",3,"Olig",3259
"X1772063062_D01","X1772063062_D01",3,"Olig",2395
"X1772063064_H11","X1772063064_H11",3,"Olig",1452
"X1772062114_D10","X1772062114_D10",3,"Olig",2530
"X1772060225_H12","X1772060225_H12",3,"Olig",4181
"X1772060226_A01","X1772060226_A01",3,"Olig",3424
"X1772060226_A11","X1772060226_A11",3,"Olig",2579
"X1772060226_D01","X1772060226_D01",3,"Olig",2692
"X1772060226_D11","X1772060226_D11",3,"Olig",1684
"X1772060225_D07","X1772060225_D07",3,"Olig",1264
"X1772060226_F06","X1772060226_F06",3,"Olig",4019
"X1772060226_A07","X1772060226_A07",3,"Olig",2668
"X1772060226_D03","X1772060226_D03",3,"Olig",3300
"X1772060226_D04","X1772060226_D04",3,"Olig",2669
"X1772060226_E10","X1772060226_E10",3,"Olig",2644
"X1772060226_B11","X1772060226_B11",3,"Olig",1504
"X1772060226_A08","X1772060226_A08",3,"Olig",2386
"X1772060226_G04","X1772060226_G04",3,"Olig",5298
"X1772060226_H11","X1772060226_H11",3,"Olig",1690
"X1772060226_G06","X1772060226_G06",3,"Olig",2929
"X1772060226_H04","X1772060226_H04",3,"Olig",1542
"X1772060226_G11","X1772060226_G11",3,"Olig",1729
"X1772060226_F04","X1772060226_F04",3,"Olig",3369
"X1772060226_F08","X1772060226_F08",3,"Olig",8455
"X1772060226_C07","X1772060226_C07",3,"Olig",1734
"X1772060226_B03","X1772060226_B03",3,"Olig",1641
"X1772060226_G05","X1772060226_G05",3,"Olig",1744
"X1772060226_A12","X1772060226_A12",3,"Olig",1499
"X1772063065_F12","X1772063065_F12",3,"Olig",1904
"X1772060226_B04","X1772060226_B04",3,"Olig",2380
"X1772060226_B10","X1772060226_B10",3,"Olig",1898
"X1772062114_A06","X1772062114_A06",3,"Olig",2077
"X1772060226_C04","X1772060226_C04",3,"Olig",1403
"X1772060226_H01","X1772060226_H01",3,"Olig",2702
"X1772060226_B07","X1772060226_B07",3,"Olig",1681
"X1772062115_E11","X1772062115_E11",3,"Olig",2360
"X1772060226_G10","X1772060226_G10",3,"Olig",1528
"X1772060226_A06","X1772060226_A06",3,"Olig",2008
"X1772060226_B02","X1772060226_B02",3,"Olig",1738
"X1772060226_E05","X1772060226_E05",3,"Olig",1177
"X1772060226_C03","X1772060226_C03",3,"Olig",1763
"X1772060226_E12","X1772060226_E12",3,"Olig",1230
"X1772060226_D06","X1772060226_D06",3,"Olig",2008
"X1772060226_A10","X1772060226_A10",3,"Olig",1538
"X1772060226_E11","X1772060226_E11",3,"Olig",1570
"X1772060226_B12","X1772060226_B12",3,"Olig",1270
"X1772060225_E12","X1772060225_E12",3,"Olig",1489
"X1772062115_E07","X1772062115_E07",3,"Olig",1716
"X1772063068_F10","X1772063068_F10",3,"Olig",1239
"X1772062111_B05","X1772062111_B05",3,"Olig",2775
"X1772062111_C06","X1772062111_C06",3,"Olig",3017
"X1772063065_H06","X1772063065_H06",3,"Olig",1074
"X1772062111_C02","X1772062111_C02",3,"Olig",3057
"X1772060225_B06","X1772060225_B06",3,"Olig",1350
"X1772062128_E11","X1772062128_E11",3,"Olig",1621
"X1772058148_B06","X1772058148_B06",3,"Olig",1965
"X1772063079_E02","X1772063079_E02",3,"Olig",2584
"X1772060225_A07","X1772060225_A07",3,"Olig",792
"X1772063074_A12","X1772063074_A12",3,"Olig",1051
"X1772062118_G06","X1772062118_G06",3,"Olig",1240
"X1772062114_F08","X1772062114_F08",3,"Olig",1231
"X1772062115_C10","X1772062115_C10",3,"Olig",1300
"X1772062128_C05","X1772062128_C05",3,"Olig",1984
"X1772063077_F04","X1772063077_F04",3,"Olig",1236
"X1772060225_H10","X1772060225_H10",3,"Olig",1566
"X1772063074_H05","X1772063074_H05",3,"Olig",1424
"X1772060224_A01","X1772060224_A01",3,"Olig",2421
"X1772060225_C02","X1772060225_C02",3,"Olig",1769
"X1772062109_F08","X1772062109_F08",3,"Olig",1999
"X1772062115_G04","X1772062115_G04",3,"Olig",1375
"X1772060225_D08","X1772060225_D08",3,"Olig",1000
"X1772062115_F05","X1772062115_F05",3,"Olig",3613
"X1772060224_B08","X1772060224_B08",3,"Olig",920
"X1772062115_B03","X1772062115_B03",3,"Olig",1158
"X1772063074_C03","X1772063074_C03",3,"Olig",2128
"X1772062113_E10","X1772062113_E10",3,"Olig",917
"X1772063068_A09","X1772063068_A09",3,"Olig",1005
"X1772060224_F03","X1772060224_F03",3,"Olig",3281
"X1772062128_G11","X1772062128_G11",3,"Olig",1990
"X1772060225_C04","X1772060225_C04",3,"Olig",1051
"X1772060225_D09","X1772060225_D09",3,"Olig",1605
"X1772062113_C09","X1772062113_C09",3,"Olig",1001
"X1772062128_B04","X1772062128_B04",3,"Olig",2014
"X1772063062_F08","X1772063062_F08",3,"Olig",1249
"X1772063068_E05","X1772063068_E05",3,"Olig",1696
"X1772062114_C06","X1772062114_C06",3,"Olig",1437
"X1772060224_C08","X1772060224_C08",3,"Olig",2593
"X1772063061_D05","X1772063061_D05",3,"Olig",1877
"X1772062109_D10","X1772062109_D10",3,"Olig",2057
"X1772063077_A12","X1772063077_A12",3,"Olig",1441
"X1772063078_D05","X1772063078_D05",3,"Olig",1910
"X1772063078_B08","X1772063078_B08",3,"Olig",3973
"X1772063071_A05","X1772063071_A05",3,"Olig",2800
"X1772063078_A09","X1772063078_A09",3,"Olig",2011
"X1772063062_D10","X1772063062_D10",3,"Olig",1815
"X1772063065_D03","X1772063065_D03",3,"Olig",1130
"X1772063079_G07","X1772063079_G07",3,"Olig",2752
"X1772063068_B05","X1772063068_B05",3,"Olig",2329
"X1772063077_D10","X1772063077_D10",3,"Olig",2597
"X1772063068_F06","X1772063068_F06",3,"Olig",3474
"X1772063078_G01","X1772063078_G01",3,"Olig",2763
"X1772063065_B03","X1772063065_B03",3,"Olig",1697
"X1772062109_C11","X1772062109_C11",3,"Olig",4467
"X1772063078_D09","X1772063078_D09",3,"Olig",1486
"X1772063065_H08","X1772063065_H08",3,"Olig",1457
"X1772063062_D08","X1772063062_D08",3,"Olig",2460
"X1772063074_E01","X1772063074_E01",3,"Olig",1606
"X1772062111_G04","X1772062111_G04",3,"Olig",3545
"X1772063064_G09","X1772063064_G09",3,"Olig",1720
"X1772067070_C09","X1772067070_C09",3,"Olig",1611
"X1772060225_D06","X1772060225_D06",3,"Olig",2409
"X1772062109_B11","X1772062109_B11",3,"Olig",1700
"X1772062115_A10","X1772062115_A10",3,"Olig",1769
"X1772062118_D10","X1772062118_D10",3,"Olig",1237
"X1772063068_H06","X1772063068_H06",3,"Olig",1000
"X1772062111_A10","X1772062111_A10",3,"Olig",1833
"X1772063065_A02","X1772063065_A02",3,"Olig",1607
"X1772063062_F09","X1772063062_F09",3,"Olig",3240
"X1772063062_F01","X1772063062_F01",3,"Olig",3060
"X1772060226_H10","X1772060226_H10",3,"Olig",2753
"X1772062118_H05","X1772062118_H05",3,"Olig",1883
"X1772062118_B06","X1772062118_B06",3,"Olig",1910
"X1772062116_F08","X1772062116_F08",3,"Olig",1009
"X1772067074_A01","X1772067074_A01",3,"Olig",1108
"X1772062111_E08","X1772062111_E08",3,"Olig",3230
"X1772063078_D12","X1772063078_D12",3,"Olig",1963
"X1772062111_C03","X1772062111_C03",3,"Olig",4618
"X1772062111_D09","X1772062111_D09",3,"Olig",2702
"X1772062118_C07","X1772062118_C07",3,"Olig",1852
"X1772063079_H01","X1772063079_H01",3,"Olig",2557
"X1772063063_E02","X1772063063_E02",3,"Olig",2595
"X1772058171_E06","X1772058171_E06",3,"Olig",1546
"X1772062128_H08","X1772062128_H08",3,"Olig",1236
"X1772066104_C11","X1772066104_C11",3,"Olig",3664
"X1772063063_C08","X1772063063_C08",3,"Olig",2400
"X1772062118_H03","X1772062118_H03",3,"Olig",3178
"X1772063074_E07","X1772063074_E07",3,"Olig",2237
"X1772063063_A04","X1772063063_A04",3,"Olig",3341
"X1772058148_G01","X1772058148_G01",3,"Olig",2393
"X1772058148_E07","X1772058148_E07",3,"Olig",1745
"X1772063061_E07","X1772063061_E07",3,"Olig",1390
"X1772062128_E09","X1772062128_E09",3,"Olig",2946
"X1772067070_C12","X1772067070_C12",3,"Olig",1825
"X1772062128_G02","X1772062128_G02",3,"Olig",2175
"X1772058177_D06","X1772058177_D06",3,"Olig",4189
"X1772058177_F03","X1772058177_F03",3,"Olig",1453
"X1772062128_E12","X1772062128_E12",3,"Olig",2302
"X1772062128_F09","X1772062128_F09",3,"Olig",2321
"X1772058177_D08","X1772058177_D08",3,"Olig",2276
"X1772062118_A05","X1772062118_A05",3,"Olig",1448
"X1772063063_E06","X1772063063_E06",3,"Olig",3438
"X1772062128_C01","X1772062128_C01",3,"Olig",2176
"X1772063063_E05","X1772063063_E05",3,"Olig",4649
"X1772062128_D09","X1772062128_D09",3,"Olig",3103
"X1772067064_A09","X1772067064_A09",3,"Olig",4819
"X1772062115_G11","X1772062115_G11",3,"Olig",2994
"X1772063063_A11","X1772063063_A11",3,"Olig",2420
"X1772063070_D01","X1772063070_D01",3,"Olig",15167
"X1772058148_B01","X1772058148_B01",3,"Olig",2344
"X1772058148_A11","X1772058148_A11",3,"Olig",3026
"X1772067063_G11","X1772067063_G11",3,"Olig",4803
"X1772062128_F08","X1772062128_F08",3,"Olig",3276
"X1772058148_A09","X1772058148_A09",3,"Olig",3543
"X1772063074_B06","X1772063074_B06",3,"Olig",1935
"X1772058177_E04","X1772058177_E04",3,"Olig",3799
"X1772062115_E03","X1772062115_E03",3,"Olig",2760
"X1772062118_H12","X1772062118_H12",3,"Olig",3216
"X1772062111_C04","X1772062111_C04",3,"Olig",2673
"X1772062115_H05","X1772062115_H05",3,"Olig",1961
"X1772062109_B05","X1772062109_B05",3,"Olig",2251
"X1772062109_D04","X1772062109_D04",3,"Olig",5978
"X1772060224_D10","X1772060224_D10",3,"Olig",3013
"X1772063074_A01","X1772063074_A01",3,"Olig",1841
"X1772062118_C10","X1772062118_C10",3,"Olig",2247
"X1772063062_E06","X1772063062_E06",3,"Olig",2884
"X1772062118_G11","X1772062118_G11",3,"Olig",2525
"X1772062111_C05","X1772062111_C05",3,"Olig",2778
"X1772062115_B11","X1772062115_B11",3,"Olig",4069
"X1772062115_G12","X1772062115_G12",3,"Olig",2384
"X1772062118_F01","X1772062118_F01",3,"Olig",2586
"X1772063062_H01","X1772063062_H01",3,"Olig",1868
"X1772062113_D12","X1772062113_D12",3,"Olig",3671
"X1772062111_E12","X1772062111_E12",3,"Olig",2573
"X1772062113_C02","X1772062113_C02",3,"Olig",4039
"X1772062114_A01","X1772062114_A01",3,"Olig",3251
"X1772062118_D05","X1772062118_D05",3,"Olig",2236
"X1772062118_G02","X1772062118_G02",3,"Olig",2638
"X1772062115_B08","X1772062115_B08",3,"Olig",2548
"X1772062109_H02","X1772062109_H02",3,"Olig",3188
"X1772062111_B07","X1772062111_B07",3,"Olig",3095
"X1772062111_B10","X1772062111_B10",3,"Olig",3032
"X1772062109_F06","X1772062109_F06",3,"Olig",4183
"X1772062113_C06","X1772062113_C06",3,"Olig",3495
"X1772062113_C11","X1772062113_C11",3,"Olig",3745
"X1772063070_C10","X1772063070_C10",3,"Olig",2521
"X1772062111_A07","X1772062111_A07",3,"Olig",3258
"X1772062111_H04","X1772062111_H04",3,"Olig",2679
"X1772063061_F12","X1772063061_F12",3,"Olig",2416
"X1772063079_H02","X1772063079_H02",3,"Olig",4144
"X1772062118_E01","X1772062118_E01",3,"Olig",3983
"X1772062115_E04","X1772062115_E04",3,"Olig",3056
"X1772062109_F12","X1772062109_F12",3,"Olig",4017
"X1772063070_D05","X1772063070_D05",3,"Olig",3837
"X1772062113_G06","X1772062113_G06",3,"Olig",5813
"X1772063061_E12","X1772063061_E12",3,"Olig",4833
"X1772062113_E02","X1772062113_E02",3,"Olig",5624
"X1772062113_H11","X1772062113_H11",3,"Olig",8990
"X1772062111_H02","X1772062111_H02",3,"Olig",4255
"X1772062113_D04","X1772062113_D04",3,"Olig",4549
"X1772063079_D02","X1772063079_D02",3,"Olig",4004
"X1772063079_E09","X1772063079_E09",3,"Olig",2796
"X1772063061_D02","X1772063061_D02",3,"Olig",3280
"X1772063078_F04","X1772063078_F04",3,"Olig",3483
"X1772062113_F12","X1772062113_F12",3,"Olig",3813
"X1772063079_C04","X1772063079_C04",3,"Olig",6439
"X1772062116_H02","X1772062116_H02",3,"Olig",5087
"X1772058171_B09","X1772058171_B09",3,"Olig",3364
"X1772062115_C07","X1772062115_C07",3,"Olig",4485
"X1772063064_E07","X1772063064_E07",3,"Olig",4190
"X1772063079_D11","X1772063079_D11",3,"Olig",3667
"X1772062113_E07","X1772062113_E07",3,"Olig",5357
"X1772058171_B04","X1772058171_B04",3,"Olig",4974
"X1772058177_E07","X1772058177_E07",3,"Olig",4493
"X1772058177_D12","X1772058177_D12",3,"Olig",3865
"X1772058171_E07","X1772058171_E07",3,"Olig",2804
"X1772058177_C01","X1772058177_C01",3,"Olig",3519
"X1772058171_A02","X1772058171_A02",3,"Olig",4070
"X1772058171_B05","X1772058171_B05",3,"Olig",3354
"X1772062111_E05","X1772062111_E05",3,"Olig",2127
"X1772058171_D03","X1772058171_D03",3,"Olig",8217
"X1772058177_A03","X1772058177_A03",3,"Olig",7373
"X1772058171_E02","X1772058171_E02",3,"Olig",8444
"X1772058171_A04","X1772058171_A04",3,"Olig",3037
"X1772063074_D10","X1772063074_D10",3,"Olig",2790
"X1772058171_G01","X1772058171_G01",3,"Olig",5929
"X1772058177_E06","X1772058177_E06",3,"Olig",7693
"X1772058177_C02","X1772058177_C02",3,"Olig",4459
"X1772058177_B05","X1772058177_B05",3,"Olig",4440
"X1772058171_D04","X1772058171_D04",3,"Olig",7097
"X1772058171_D01","X1772058171_D01",3,"Olig",3063
"X1772058177_F08","X1772058177_F08",3,"Olig",9721
"X1772058171_C01","X1772058171_C01",3,"Olig",6041
"X1772058171_F03","X1772058171_F03",3,"Olig",4346
"X1772058171_A11","X1772058171_A11",3,"Olig",6103
"X1772058171_G11","X1772058171_G11",3,"Olig",4217
"X1772058171_A09","X1772058171_A09",3,"Olig",3308
"X1772058171_F08","X1772058171_F08",3,"Olig",9642
"X1772058177_F06","X1772058177_F06",3,"Olig",4239
"X1772058171_B08","X1772058171_B08",3,"Olig",3853
"X1772058171_G03","X1772058171_G03",3,"Olig",3814
"X1772058177_A01","X1772058177_A01",3,"Olig",3581
"X1772058177_B06","X1772058177_B06",3,"Olig",4331
"X1772058148_G12","X1772058148_G12",3,"Olig",3016
"X1772058171_B07","X1772058171_B07",3,"Olig",6392
"X1772058177_G05","X1772058177_G05",3,"Olig",5324
"X1772063064_F07","X1772063064_F07",3,"Olig",4977
"X1772058171_E10","X1772058171_E10",3,"Olig",5870
"X1772058171_B06","X1772058171_B06",3,"Olig",4602
"X1772058177_E12","X1772058177_E12",3,"Olig",4071
"X1772058171_D02","X1772058171_D02",3,"Olig",5663
"X1772058177_B04","X1772058177_B04",3,"Olig",4366
"X1772062128_F04","X1772062128_F04",3,"Olig",3376
"X1772058171_D08","X1772058171_D08",3,"Olig",3078
"X1772058171_E05","X1772058171_E05",3,"Olig",3433
"X1772058177_B09","X1772058177_B09",3,"Olig",4335
"X1772058177_C12","X1772058177_C12",3,"Olig",4395
"X1772058177_D05","X1772058177_D05",3,"Olig",3933
"X1772058171_G10","X1772058171_G10",3,"Olig",4668
"X1772058171_C04","X1772058171_C04",3,"Olig",4573
"X1772058171_C08","X1772058171_C08",3,"Olig",4875
"X1772058171_C10","X1772058171_C10",3,"Olig",2869
"X1772062128_C10","X1772062128_C10",3,"Olig",2225
"X1772063061_B04","X1772063061_B04",3,"Olig",5182
"X1772058171_F04","X1772058171_F04",4,"microglia",1261
"X1772060226_D02","X1772060226_D02",4,"microglia",3151
"X1772062109_F11","X1772062109_F11",4,"microglia",1425
"X1772058148_F06","X1772058148_F06",4,"microglia",1190
"X1772058177_A09","X1772058177_A09",4,"microglia",1511
"X1772058177_A07","X1772058177_A07",4,"microglia",2127
"X1772060225_E03","X1772060225_E03",4,"microglia",1759
"X1772058177_D10","X1772058177_D10",4,"microglia",1354
"X1772058177_D11","X1772058177_D11",4,"microglia",826
"X1772062109_D01","X1772062109_D01",4,"microglia",1181
"X1772058177_C03","X1772058177_C03",4,"microglia",1086
"X1772062109_E05","X1772062109_E05",4,"microglia",1513
"X1772062128_F05","X1772062128_F05",4,"microglia",969
"X1772067070_C04","X1772067070_C04",4,"microglia",1268
"X1772058148_E12","X1772058148_E12",4,"microglia",2698
"X1772058148_D12","X1772058148_D12",4,"microglia",1602
"X1772058148_A05","X1772058148_A05",4,"microglia",1097
"X1772066104_B07","X1772066104_B07",4,"microglia",1989
"X1772062111_G10","X1772062111_G10",4,"microglia",1179
"X1772060226_E03","X1772060226_E03",4,"microglia",1947
"X1772060240_H11","X1772060240_H11",4,"microglia",1427
"X1772058177_A12","X1772058177_A12",4,"microglia",1880
"X1772062128_C02","X1772062128_C02",4,"microglia",3275
"X1772058171_C05","X1772058171_C05",4,"microglia",3445
"X1772062128_A07","X1772062128_A07",4,"microglia",1338
"X1772058177_E01","X1772058177_E01",4,"microglia",2295
"X1772058177_B11","X1772058177_B11",4,"microglia",3188
"X1772058177_F07","X1772058177_F07",4,"microglia",4873
"X1772058177_G04","X1772058177_G04",4,"microglia",3369
"X1772063074_B03","X1772063074_B03",4,"microglia",2323
"X1772058171_F11","X1772058171_F11",4,"microglia",2494
"X1772062113_A11","X1772062113_A11",4,"microglia",2634
"X1772062111_H06","X1772062111_H06",4,"microglia",1729
"X1772063061_F10","X1772063061_F10",4,"microglia",1674
"X1772062116_D02","X1772062116_D02",4,"microglia",1878
"X1772062115_A07","X1772062115_A07",4,"microglia",1387
"X1772062115_C02","X1772062115_C02",4,"microglia",1144
"X1772062109_E12","X1772062109_E12",4,"microglia",1672
"X1772062109_D06","X1772062109_D06",4,"microglia",2016
"X1772062128_D02","X1772062128_D02",4,"microglia",4917
"X1772062118_F04","X1772062118_F04",4,"microglia",1536
"X1772063078_G02","X1772063078_G02",4,"microglia",3231
"X1772063063_H11","X1772063063_H11",4,"microglia",4668
"X1772062118_A11","X1772062118_A11",4,"microglia",1227
"X1772060224_F07","X1772060224_F07",4,"microglia",2689
"X1772063077_F06","X1772063077_F06",4,"microglia",3222
"X1772062111_A05","X1772062111_A05",4,"microglia",1594
"X1772060224_B12","X1772060224_B12",4,"microglia",871
"X1772067064_D12","X1772067064_D12",4,"microglia",1824
"X1772060240_F05","X1772060240_F05",4,"microglia",1428
"X1772063077_E03","X1772063077_E03",4,"microglia",1644
"X1772063074_F08","X1772063074_F08",4,"microglia",801
"X1772058177_F04","X1772058177_F04",4,"microglia",1812
"X1772067074_D04","X1772067074_D04",4,"microglia",3076
"X1772062111_G06","X1772062111_G06",4,"microglia",2623
"X1772062109_D12","X1772062109_D12",4,"microglia",1518
"X1772062109_A06","X1772062109_A06",4,"microglia",2196
"X1772062113_E05","X1772062113_E05",4,"microglia",2896
"X1772062111_F12","X1772062111_F12",4,"microglia",2116
"X1772062118_H01","X1772062118_H01",4,"microglia",3512
"X1772063074_H12","X1772063074_H12",4,"microglia",1343
"X1772067064_B09","X1772067064_B09",4,"microglia",1369
"X1772060224_H07","X1772060224_H07",4,"microglia",3818
"X1772067070_C02","X1772067070_C02",4,"microglia",1598
"X1772060240_H10","X1772060240_H10",4,"microglia",2817
"X1772062116_G09","X1772062116_G09",4,"microglia",1201
"X1772063077_D08","X1772063077_D08",4,"microglia",769
"X1772063063_A03","X1772063063_A03",4,"microglia",3692
"X1772060226_H12","X1772060226_H12",4,"microglia",3078
"X1772062118_F03","X1772062118_F03",4,"microglia",1766
"X1772063062_D07","X1772063062_D07",4,"microglia",1200
"X1772062128_H04","X1772062128_H04",4,"microglia",715
"X1772062118_E06","X1772062118_E06",4,"microglia",1318
"X1772060225_F05","X1772060225_F05",4,"microglia",975
"X1772060226_F12","X1772060226_F12",4,"microglia",1480
"X1772062115_H11","X1772062115_H11",4,"microglia",917
"X1772062109_C05","X1772062109_C05",4,"microglia",889
"X1772058177_E03","X1772058177_E03",4,"microglia",1165
"X1772060224_B07","X1772060224_B07",4,"microglia",829
"X1772060226_H02","X1772060226_H02",4,"microglia",2183
"X1772062118_D09","X1772062118_D09",4,"microglia",799
"X1772062118_F11","X1772062118_F11",4,"microglia",1538
"X1772062111_D12","X1772062111_D12",4,"microglia",1610
"X1772062128_B03","X1772062128_B03",4,"microglia",1029
"X1772063071_E02","X1772063071_E02",5,"endoMural",2644
"X1772063064_A11","X1772063064_A11",5,"endoMural",1831
"X1772060224_B09","X1772060224_B09",5,"endoMural",1803
"X1772063078_H11","X1772063078_H11",5,"endoMural",1508
"X1772063061_G03","X1772063061_G03",5,"endoMural",3095
"X1772063071_D01","X1772063071_D01",5,"endoMural",1040
"X1772063064_B05","X1772063064_B05",5,"endoMural",2191
"X1772062111_E02","X1772062111_E02",5,"endoMural",1552
"X1772063062_H12","X1772063062_H12",5,"endoMural",713
"X1772058177_C08","X1772058177_C08",5,"endoMural",1199
"X1772058148_A07","X1772058148_A07",5,"endoMural",1788
"X1772060240_A03","X1772060240_A03",5,"endoMural",2173
"X1772067070_H08","X1772067070_H08",5,"endoMural",2066
"X1772063079_C02","X1772063079_C02",5,"endoMural",974
"X1772063071_A01","X1772063071_A01",5,"endoMural",1411
"X1772063079_A09","X1772063079_A09",5,"endoMural",1405
"X1772067070_C05","X1772067070_C05",5,"endoMural",1601
"X1772063079_A11","X1772063079_A11",5,"endoMural",1461
"X1772062113_G08","X1772062113_G08",5,"endoMural",5972
"X1772062128_G09","X1772062128_G09",5,"endoMural",2164
"X1772060240_D11","X1772060240_D11",5,"endoMural",11615
"X1772062113_D11","X1772062113_D11",5,"endoMural",6190
"X1772063063_B01","X1772063063_B01",5,"endoMural",4165
"X1772058171_E12","X1772058171_E12",5,"endoMural",878
"X1772063064_F06","X1772063064_F06",5,"endoMural",3701
"X1772058148_H05","X1772058148_H05",5,"endoMural",1808
"X1772058177_G06","X1772058177_G06",5,"endoMural",1210
"X1772058177_H06","X1772058177_H06",5,"endoMural",1514
"X1772058177_H02","X1772058177_H02",5,"endoMural",2241
"X1772058177_D01","X1772058177_D01",5,"endoMural",1322
"X1772058171_E11","X1772058171_E11",5,"endoMural",1742
"X1772058177_F10","X1772058177_F10",5,"endoMural",1446
"X1772058171_G09","X1772058171_G09",5,"endoMural",1768
"X1772058171_G07","X1772058171_G07",5,"endoMural",1850
"X1772058177_F12","X1772058177_F12",5,"endoMural",1671
"X1772058177_G12","X1772058177_G12",5,"endoMural",1116
"X1772058171_F01","X1772058171_F01",5,"endoMural",1742
"X1772058171_H05","X1772058171_H05",5,"endoMural",1580
"X1772058171_G05","X1772058171_G05",5,"endoMural",999
"X1772062128_D06","X1772062128_D06",5,"endoMural",1260
"X1772063079_B05","X1772063079_B05",5,"endoMural",1347
"X1772062109_H08","X1772062109_H08",5,"endoMural",1572
"X1772062109_D05","X1772062109_D05",5,"endoMural",1804
"X1772062111_D07","X1772062111_D07",5,"endoMural",3424
"X1772063077_D11","X1772063077_D11",5,"endoMural",2081
"X1772062113_H07","X1772062113_H07",5,"endoMural",1604
"X1772062111_G12","X1772062111_G12",5,"endoMural",975
"X1772063079_C11","X1772063079_C11",5,"endoMural",1205
"X1772063079_H12","X1772063079_H12",5,"endoMural",1021
"X1772060224_E05","X1772060224_E05",5,"endoMural",4106
"X1772063070_F11","X1772063070_F11",5,"endoMural",2675
"X1772062114_A09","X1772062114_A09",5,"endoMural",5540
"X1772062111_H12","X1772062111_H12",5,"endoMural",1893
"X1772063070_B04","X1772063070_B04",5,"endoMural",3105
"X1772063064_E04","X1772063064_E04",5,"endoMural",1911
"X1772058177_G07","X1772058177_G07",5,"endoMural",1863
"X1772062113_C01","X1772062113_C01",5,"endoMural",3834
"X1772067073_A12","X1772067073_A12",5,"endoMural",3002
"X1772063063_C11","X1772063063_C11",5,"endoMural",2954
"X1772062109_B07","X1772062109_B07",5,"endoMural",1338
"X1772071040_D01","X1772071040_D01",5,"endoMural",2329
"X1772063063_G05","X1772063063_G05",5,"endoMural",2764
"X1772067069_E07","X1772067069_E07",5,"endoMural",4612
"X1772067063_A11","X1772067063_A11",5,"endoMural",1757
"X1772071040_F09","X1772071040_F09",5,"endoMural",1633
"X1772067063_A07","X1772067063_A07",5,"endoMural",3154
"X1772058148_D04","X1772058148_D04",5,"endoMural",1841
"X1772067074_H04","X1772067074_H04",5,"endoMural",1625
"X1772058148_E02","X1772058148_E02",5,"endoMural",2734
"X1772067073_B09","X1772067073_B09",5,"endoMural",1232
"X1772063071_D11","X1772063071_D11",5,"endoMural",1219
"X1772071040_E11","X1772071040_E11",5,"endoMural",1283
"X1772067074_H09","X1772067074_H09",5,"endoMural",2086
"X1772071041_H04","X1772071041_H04",5,"endoMural",1291
"X1772067073_F07","X1772067073_F07",5,"endoMural",1396
"X1772058148_C04","X1772058148_C04",5,"endoMural",1165
"X1772058148_E09","X1772058148_E09",5,"endoMural",2146
"X1772067074_H08","X1772067074_H08",5,"endoMural",1984
"X1772058148_F12","X1772058148_F12",5,"endoMural",1066
"X1772063070_A07","X1772063070_A07",5,"endoMural",5292
"X1772067074_F11","X1772067074_F11",5,"endoMural",3082
"X1772063064_B04","X1772063064_B04",5,"endoMural",2434
"X1772063070_A05","X1772063070_A05",5,"endoMural",6231
"X1772071040_B11","X1772071040_B11",5,"endoMural",1304
"X1772063070_E06","X1772063070_E06",5,"endoMural",2145
"X1772060240_D07","X1772060240_D07",5,"endoMural",1824
"X1772067063_B03","X1772067063_B03",5,"endoMural",1721
"X1772058148_F05","X1772058148_F05",5,"endoMural",1441
"X1772060224_A05","X1772060224_A05",5,"endoMural",1082
"X1772063070_G07","X1772063070_G07",5,"endoMural",2195
"X1772063065_D10","X1772063065_D10",5,"endoMural",1964
"X1772060226_E09","X1772060226_E09",5,"endoMural",1406
"X1772063061_B10","X1772063061_B10",5,"endoMural",2559
"X1772062115_F01","X1772062115_F01",5,"endoMural",894
"X1772063065_D08","X1772063065_D08",5,"endoMural",2090
"X1772058148_F10","X1772058148_F10",5,"endoMural",1036
"X1772063065_B12","X1772063065_B12",5,"endoMural",1436
"X1772063063_H05","X1772063063_H05",5,"endoMural",1617
"X1772063068_B12","X1772063068_B12",5,"endoMural",2462
"X1772062109_G06","X1772062109_G06",5,"endoMural",2292
"X1772062116_H04","X1772062116_H04",5,"endoMural",1339
"X1772063062_G06","X1772063062_G06",5,"endoMural",1136
"X1772058171_G04","X1772058171_G04",5,"endoMural",3028
"X1772067063_D05","X1772067063_D05",5,"endoMural",8336
"X1772058177_A05","X1772058177_A05",5,"endoMural",2583
"X1772058177_F11","X1772058177_F11",5,"endoMural",2736
"X1772063079_A07","X1772063079_A07",5,"endoMural",2629
"X1772062116_H07","X1772062116_H07",5,"endoMural",2775
"X1772063070_F02","X1772063070_F02",5,"endoMural",2794
"X1772060224_C09","X1772060224_C09",5,"endoMural",1068
"X1772067073_H05","X1772067073_H05",5,"endoMural",1739
"X1772058171_A12","X1772058171_A12",5,"endoMural",1331
"X1772067073_H10","X1772067073_H10",5,"endoMural",3132
"X1772067074_D07","X1772067074_D07",5,"endoMural",2685
"X1772062109_E02","X1772062109_E02",5,"endoMural",2107
"X1772060224_F01","X1772060224_F01",5,"endoMural",2997
"X1772062111_A11","X1772062111_A11",5,"endoMural",2462
"X1772058171_A06","X1772058171_A06",5,"endoMural",1082
"X1772060224_F04","X1772060224_F04",5,"endoMural",1671
"X1772060224_H12","X1772060224_H12",5,"endoMural",3814
"X1772063071_F12","X1772063071_F12",5,"endoMural",877
"X1772062111_A08","X1772062111_A08",5,"endoMural",1481
"X1772058177_A08","X1772058177_A08",5,"endoMural",1151
"X1772060224_H01","X1772060224_H01",5,"endoMural",1512
"X1772058177_B01","X1772058177_B01",5,"endoMural",803
"X1772062111_B12","X1772062111_B12",5,"endoMural",920
"X1772063064_A08","X1772063064_A08",5,"endoMural",1229
"X1772063064_B02","X1772063064_B02",5,"endoMural",2675
"X1772062115_G08","X1772062115_G08",5,"endoMural",1883
"X1772062114_H08","X1772062114_H08",5,"endoMural",1733
"X1772063071_G12","X1772063071_G12",5,"endoMural",1258
"X1772060225_H04","X1772060225_H04",5,"endoMural",1130
"X1772058177_H03","X1772058177_H03",5,"endoMural",1159
"X1772063064_F09","X1772063064_F09",5,"endoMural",2411
"X1772060224_D12","X1772060224_D12",5,"endoMural",1604
"X1772063062_B10","X1772063062_B10",5,"endoMural",1292
"X1772062128_E01","X1772062128_E01",5,"endoMural",1070
"X1772062128_A02","X1772062128_A02",5,"endoMural",1349
"X1772062128_C11","X1772062128_C11",5,"endoMural",854
"X1772060240_B11","X1772060240_B11",5,"endoMural",1173
"X1772063078_A02","X1772063078_A02",5,"endoMural",2616
"X1772058148_B03","X1772058148_B03",5,"endoMural",1150
"X1772062128_C09","X1772062128_C09",5,"endoMural",2436
"X1772062116_C03","X1772062116_C03",5,"endoMural",2369
"X1772058177_H04","X1772058177_H04",5,"endoMural",1531
"X1772063071_B06","X1772063071_B06",5,"endoMural",940
"X1772067063_E01","X1772067063_E01",5,"endoMural",1287
"X1772058171_A01","X1772058171_A01",5,"endoMural",842
"X1772062111_F09","X1772062111_F09",5,"endoMural",952
"X1772066104_A09","X1772066104_A09",5,"endoMural",1166
"X1772060240_G06","X1772060240_G06",5,"endoMural",1118
"X1772062109_B04","X1772062109_B04",5,"endoMural",959
"X1772063071_B12","X1772063071_B12",5,"endoMural",822
"X1772063071_D02","X1772063071_D02",5,"endoMural",917
"X1772067069_H12","X1772067069_H12",5,"endoMural",1514
"X1772063062_A05","X1772063062_A05",5,"endoMural",1042
"X1772063071_G02","X1772063071_G02",5,"endoMural",1063
"X1772071014_H04","X1772071014_H04",6,"astrocytes",2083
"X1772062109_D11","X1772062109_D11",6,"astrocytes",2284
"X1772062111_B03","X1772062111_B03",6,"astrocytes",3943
"X1772071014_C07","X1772071014_C07",6,"astrocytes",3324
"X1772067063_E05","X1772067063_E05",6,"astrocytes",2400
"X1772071015_H09","X1772071015_H09",6,"astrocytes",4116
"X1772071014_G04","X1772071014_G04",6,"astrocytes",4942
"X1772071014_H07","X1772071014_H07",6,"astrocytes",3024
"X1772071014_D06","X1772071014_D06",6,"astrocytes",3800
"X1772071014_F02","X1772071014_F02",6,"astrocytes",4117
"X1772058171_H01","X1772058171_H01",6,"astrocytes",4676
"X1772071015_A08","X1772071015_A08",6,"astrocytes",2539
"X1772071015_D10","X1772071015_D10",6,"astrocytes",2347
"X1772067064_A10","X1772067064_A10",6,"astrocytes",1583
"X1772071015_H10","X1772071015_H10",6,"astrocytes",2921
"X1772062118_H11","X1772062118_H11",6,"astrocytes",3941
"X1772067069_C11","X1772067069_C11",6,"astrocytes",2053
"X1772071014_E01","X1772071014_E01",6,"astrocytes",2193
"X1772071015_D02","X1772071015_D02",6,"astrocytes",2591
"X1772062128_D05","X1772062128_D05",6,"astrocytes",1808
"X1772071014_D07","X1772071014_D07",6,"astrocytes",2021
"X1772071014_A02","X1772071014_A02",6,"astrocytes",1444
"X1772063071_H08","X1772063071_H08",6,"astrocytes",1862
"X1772062128_E02","X1772062128_E02",6,"astrocytes",2989
"X1772063077_F03","X1772063077_F03",6,"astrocytes",2683
"X1772058177_E09","X1772058177_E09",6,"astrocytes",2989
"X1772062109_F07","X1772062109_F07",6,"astrocytes",2213
"X1772058177_D07","X1772058177_D07",6,"astrocytes",2958
"X1772058171_F07","X1772058171_F07",6,"astrocytes",1663
"X1772062114_D03","X1772062114_D03",6,"astrocytes",2851
"X1772062114_B05","X1772062114_B05",6,"astrocytes",1716
"X1772058177_B03","X1772058177_B03",6,"astrocytes",1637
"X1772058171_B03","X1772058171_B03",6,"astrocytes",929
"X1772063064_D08","X1772063064_D08",6,"astrocytes",1279
"X1772071015_A12","X1772071015_A12",6,"astrocytes",929
"X1772071015_G05","X1772071015_G05",6,"astrocytes",1504
"X1772063062_B05","X1772063062_B05",6,"astrocytes",1840
"X1772063061_F08","X1772063061_F08",6,"astrocytes",2047
"X1772062128_B12","X1772062128_B12",6,"astrocytes",1806
"X1772062114_E01","X1772062114_E01",6,"astrocytes",1550
"X1772063068_F04","X1772063068_F04",6,"astrocytes",907
"X1772063065_D11","X1772063065_D11",6,"astrocytes",1379
"X1772063064_H03","X1772063064_H03",6,"astrocytes",4320
"X1772058171_A08","X1772058171_A08",6,"astrocytes",1483
"X1772063071_B11","X1772063071_B11",6,"astrocytes",1101
"X1772062128_E04","X1772062128_E04",6,"astrocytes",1654
"X1772063071_H07","X1772063071_H07",6,"astrocytes",917
"X1772063071_H09","X1772063071_H09",6,"astrocytes",1917
"X1772062118_G01","X1772062118_G01",6,"astrocytes",947
"X1772063062_D09","X1772063062_D09",6,"astrocytes",1684
"X1772063068_D06","X1772063068_D06",6,"astrocytes",1000
"X1772063065_E10","X1772063065_E10",6,"astrocytes",780
"X1772062115_D08","X1772062115_D08",6,"astrocytes",778
"X1772060226_B09","X1772060226_B09",6,"astrocytes",915
"X1772063071_H02","X1772063071_H02",6,"astrocytes",1343
"X1772063077_A11","X1772063077_A11",6,"astrocytes",1708
"X1772062128_F01","X1772062128_F01",6,"astrocytes",1572
"X1772062118_A08","X1772062118_A08",6,"astrocytes",1390
"X1772062114_B04","X1772062114_B04",6,"astrocytes",4992
"X1772062128_C08","X1772062128_C08",6,"astrocytes",2870
"X1772062109_A08","X1772062109_A08",6,"astrocytes",1130
"X1772062115_F11","X1772062115_F11",6,"astrocytes",968
"X1772060240_F07","X1772060240_F07",6,"astrocytes",1853
"X1772062113_F04","X1772062113_F04",6,"astrocytes",2321
"X1772062118_A10","X1772062118_A10",6,"astrocytes",2192
"X1772062114_D04","X1772062114_D04",6,"astrocytes",2000
"X1772063077_G09","X1772063077_G09",6,"astrocytes",1120
"X1772063077_F11","X1772063077_F11",6,"astrocytes",1322
"X1772060240_B02","X1772060240_B02",6,"astrocytes",1441
"X1772058148_C01","X1772058148_C01",6,"astrocytes",1179
"X1772060224_G08","X1772060224_G08",6,"astrocytes",748
"X1772060240_D05","X1772060240_D05",6,"astrocytes",1057
"X1772060240_B05","X1772060240_B05",6,"astrocytes",1132
"X1772060224_D09","X1772060224_D09",6,"astrocytes",1450
"X1772062109_E04","X1772062109_E04",6,"astrocytes",2068
"X1772063061_C12","X1772063061_C12",6,"astrocytes",837
"X1772063063_F04","X1772063063_F04",6,"astrocytes",1391
"X1772063074_D02","X1772063074_D02",6,"astrocytes",1754
"X1772062109_E11","X1772062109_E11",6,"astrocytes",1820
"X1772060240_H12","X1772060240_H12",6,"astrocytes",1230
"X1772062118_G03","X1772062118_G03",6,"astrocytes",1806
"X1772071041_B08","X1772071041_B08",6,"astrocytes",1091
"X1772062114_F06","X1772062114_F06",6,"astrocytes",2259
"X1772063062_C11","X1772063062_C11",6,"astrocytes",1175
"X1772062113_E12","X1772062113_E12",6,"astrocytes",3207
"X1772067063_G08","X1772067063_G08",6,"astrocytes",1056
"X1772058148_G05","X1772058148_G05",6,"astrocytes",1887
"X1772063064_E06","X1772063064_E06",6,"astrocytes",1307
"X1772058148_C05","X1772058148_C05",6,"astrocytes",1389
"X1772062128_C04","X1772062128_C04",6,"astrocytes",1553
"X1772063063_E01","X1772063063_E01",6,"astrocytes",4122
"X1772060224_E12","X1772060224_E12",6,"astrocytes",1304
"X1772058148_E08","X1772058148_E08",6,"astrocytes",1195
"X1772058177_C04","X1772058177_C04",6,"astrocytes",888
"X1772063077_B01","X1772063077_B01",6,"astrocytes",4089
"X1772063077_E12","X1772063077_E12",6,"astrocytes",1936
"X1772058148_C09","X1772058148_C09",6,"astrocytes",2046
"X1772063074_C07","X1772063074_C07",6,"astrocytes",2355
"X1772063063_F12","X1772063063_F12",6,"astrocytes",3248
"X1772067073_H07","X1772067073_H07",6,"astrocytes",1971
"X1772067066_C06","X1772067066_C06",6,"astrocytes",1823
"X1772067073_E04","X1772067073_E04",6,"astrocytes",2733
"X1772067064_C11","X1772067064_C11",6,"astrocytes",2910
"X1772063063_G08","X1772063063_G08",6,"astrocytes",2080
"X1772067063_E07","X1772067063_E07",6,"astrocytes",2548
"X1772062116_B01","X1772062116_B01",6,"astrocytes",3980
"X1772067063_A06","X1772067063_A06",6,"astrocytes",3238
"X1772071040_B09","X1772071040_B09",6,"astrocytes",3300
"X1772067070_B12","X1772067070_B12",6,"astrocytes",4581
"X1772058148_G03","X1772058148_G03",6,"astrocytes",2541
"X1772058148_E06","X1772058148_E06",6,"astrocytes",1852
"X1772062128_G01","X1772062128_G01",6,"astrocytes",1836
"X1772058148_F08","X1772058148_F08",6,"astrocytes",2358
"X1772062111_A04","X1772062111_A04",6,"astrocytes",789
"X1772062118_C05","X1772062118_C05",6,"astrocytes",1036
"X1772063061_D08","X1772063061_D08",6,"astrocytes",1101
"X1772063062_E03","X1772063062_E03",6,"astrocytes",1254
"X1772067074_F02","X1772067074_F02",6,"astrocytes",986
"X1772060226_C10","X1772060226_C10",6,"astrocytes",808
"X1772063078_D03","X1772063078_D03",6,"astrocytes",2564
"X1772060225_C06","X1772060225_C06",6,"astrocytes",1100
"X1772062109_G12","X1772062109_G12",6,"astrocytes",1019
"X1772063078_G04","X1772063078_G04",6,"astrocytes",768
"X1772062128_E07","X1772062128_E07",6,"astrocytes",1954
"X1772063070_B07","X1772063070_B07",6,"astrocytes",1732
"X1772063078_G06","X1772063078_G06",6,"astrocytes",1992
"X1772060226_H05","X1772060226_H05",6,"astrocytes",1509
"X1772058148_B11","X1772058148_B11",6,"astrocytes",1587
"X1772062128_E08","X1772062128_E08",6,"astrocytes",1247
"X1772062113_C04","X1772062113_C04",6,"astrocytes",3965
"X1772058177_G08","X1772058177_G08",6,"astrocytes",3983
"X1772060240_H06","X1772060240_H06",6,"astrocytes",1071
"X1772063078_G03","X1772063078_G03",6,"astrocytes",1474
"X1772063077_D01","X1772063077_D01",6,"astrocytes",2793
"X1772058148_B12","X1772058148_B12",6,"astrocytes",1754
"X1772063063_C12","X1772063063_C12",6,"astrocytes",4540
"X1772060226_E06","X1772060226_E06",6,"astrocytes",1410
"X1772063065_A11","X1772063065_A11",6,"astrocytes",1442
"X1772058148_D11","X1772058148_D11",6,"astrocytes",1806
"X1772058148_C07","X1772058148_C07",6,"astrocytes",1503
"X1772058148_B02","X1772058148_B02",6,"astrocytes",1737
"X1772058148_A12","X1772058148_A12",6,"astrocytes",2302
"X1772071041_G06","X1772071041_G06",6,"astrocytes",2378
"X1772063079_E03","X1772063079_E03",5,"endoMural",2030
"X1772058177_B08","X1772058177_B08",5,"endoMural",823
"X1772063078_E07","X1772063078_E07",5,"endoMural",948
"X1772058177_B10","X1772058177_B10",5,"endoMural",1525
"X1772060240_C12","X1772060240_C12",5,"endoMural",1114
"X1772067073_A03","X1772067073_A03",5,"endoMural",1212
"X1772067069_E08","X1772067069_E08",5,"endoMural",1032
"X1772058148_D03","X1772058148_D03",5,"endoMural",1723
"X1772058148_D10","X1772058148_D10",5,"endoMural",2062
"X1772063062_D11","X1772063062_D11",5,"endoMural",1056
"X1772058148_F01","X1772058148_F01",5,"endoMural",1274
"X1772063062_D04","X1772063062_D04",5,"endoMural",1420
"X1772058177_G01","X1772058177_G01",5,"endoMural",1522
"X1772062111_B09","X1772062111_B09",5,"endoMural",1536
"X1772062113_E06","X1772062113_E06",5,"endoMural",2309
"X1772063061_C07","X1772063061_C07",5,"endoMural",1341
"X1772062111_D02","X1772062111_D02",5,"endoMural",1800
"X1772063077_A05","X1772063077_A05",5,"endoMural",1303
"X1772063079_F03","X1772063079_F03",5,"endoMural",2242
"X1772063077_B05","X1772063077_B05",5,"endoMural",1622
"X1772058171_E08","X1772058171_E08",5,"endoMural",955
"X1772062113_H10","X1772062113_H10",5,"endoMural",1326
"X1772067074_G05","X1772067074_G05",5,"endoMural",1066
"X1772062113_D02","X1772062113_D02",5,"endoMural",4378
"X1772067074_C09","X1772067074_C09",5,"endoMural",1737
"X1772063077_B06","X1772063077_B06",5,"endoMural",1120
"X1772062116_E06","X1772062116_E06",5,"endoMural",1137
"X1772067064_D03","X1772067064_D03",5,"endoMural",2446
"X1772063063_G07","X1772063063_G07",5,"endoMural",2342
"X1772067063_E08","X1772067063_E08",5,"endoMural",1417
"X1772058148_G02","X1772058148_G02",5,"endoMural",1784
"X1772063074_F11","X1772063074_F11",5,"endoMural",1183
"X1772063074_C04","X1772063074_C04",5,"endoMural",988
"X1772062111_E09","X1772062111_E09",5,"endoMural",2601
"X1772062111_F01","X1772062111_F01",5,"endoMural",1195
"X1772063074_H03","X1772063074_H03",5,"endoMural",1755
"X1772063062_H10","X1772063062_H10",5,"endoMural",1651
"X1772058148_D02","X1772058148_D02",5,"endoMural",1237
"X1772063078_G10","X1772063078_G10",5,"endoMural",1052
"X1772071017_A07","X1772071017_A07",5,"endoMural",1056
"X1772063071_G10","X1772063071_G10",5,"endoMural",1697
"X1772058148_C03","X1772058148_C03",5,"endoMural",2313
"X1772063061_D09","X1772063061_D09",5,"endoMural",1673
"X1772063068_D01","X1772063068_D01",5,"endoMural",1365
"X1772058148_F03","X1772058148_F03",5,"endoMural",1951
